ID,Name of Piece,Author,Number of Copies,Google Drive Link
1,Acto de Matar,Gilberto Rebolledo,1,https://drive.google.com/file/d/1BKB1ZzBsfY6NTiLEfrENHLvVgVzMnI3-/view?usp=drivesdk
2,Adieu Sweet Amarillis,John Wilbye,15,https://drive.google.com/file/d/1fEz2U0_4vgd3-E0oyDcHJXG-3Da844RM/view?usp=drivesdk
3,Adoracion,Silvia Einstein,15,https://drive.google.com/file/d/1XfN2iyQfvkVJ_cu4EqNMJXyiLhcAf9mm/view?usp=drivesdk
4,Adorar al Niño,Anonimo,8,https://drive.google.com/file/d/1AL4llwurgeD9BI5tnWHriH5ZC55qm4dO/view?usp=drivesdk
5,Agnus Dei,Hassler,,https://drive.google.com/file/d/1j5Babm61gKSZd-He7vB1e7jL-KHr0N86/view?usp=drivesdk
6,Abreme la Puerta,Silvia Einstein,5,https://drive.google.com/file/d/15X2KUUK0b8m221QACsqshE1q3ufMX81C/view?usp=drivesdk
7,Aguinaldo de los Pastores de San Juaquin,Gilberto Rebolledo,20,https://drive.google.com/file/d/1vhjRSgLP3d0sR9T-U5rgUYIvoM-U4pc2/view?usp=drivesdk
8,Aguinaldo Margariteño,Modesta Bor,10,https://drive.google.com/file/d/1uxQczck9Ybnd1AIX6i8CEdTUdGG3MF85/view?usp=drivesdk
9,Ahora,Modesta Bor,5,https://drive.google.com/file/d/1ORlMJyWzU-tvXBgViKNAwE7Yl2Pjw8Iy/view?usp=drivesdk
10,Aires de Golpe Tuyero,Gilberto Rebolledo,10,https://drive.google.com/file/d/1WM7wOg9KSX3od9XyK2oAvWwAmzwCVx3R/view?usp=drivesdk
11,Al Llegar Aqui,Modesta Bor,10,https://drive.google.com/file/d/1WieFOLQglC3R5CCPMcvatybgUbqBOlc0/view?usp=drivesdk
12,Alaben los cielos,Alejandro Gonzalez y Fernandez,8,https://drive.google.com/file/d/1cMp1_21K_cvxGuljYWkXGWvQNmDNgN0d/view?usp=drivesdk
13,Aldapeko,Angel Barja Iglesias,20,https://drive.google.com/file/d/1eme5JmSH_Xm5prQGmMv7iIIKJsLcHZNK/view?usp=drivesdk
14,Alleluia Christ Risen,Andre Kopolyoff,,
15,Alma Llanera,Humberto Sagrado,20,https://drive.google.com/file/d/1_OStNmlRFd_GQxw9pPe4VVS9lTVNtmS5/view?usp=drivesdk
16,Alla va un encobijao,Antonio Lauro,12,https://drive.google.com/file/d/1BFDRYrc6d32NLCdCDPLumlWJDjJUtBAR/view?usp=drivesdk
17,Hallelujah ,Haendel,20,https://drive.google.com/file/d/1UFAPYca5drSGXwQLH5MEmJYZfpHdbPqt/view?usp=drivesdk
18,"Allons, gay, gay, Bergeres",Costeley,,https://drive.google.com/file/d/1_zfoKte2T8nYXQ0MJvGmmO1etVxV5KT1/view?usp=drivesdk
19,Amalia Rosa,Lino Carrasco,5,https://drive.google.com/file/d/1ArGCA5Mu8ra1lcrRurdn1Vi4ZfRcHFoT/view?usp=drivesdk
20,Amanece,Efrain Arteaga,10,https://drive.google.com/file/d/1YKfY7TLvwRTdPQ4682M_D9wc2_XGToAd/view?usp=drivesdk
21,Amor Vittorioso,Giacomo Gastoldi,5,https://drive.google.com/file/d/1UD_Jn-BWuXWsWSzi7K2Hih72bWMMyiMr/view?usp=drivesdk
22,Angüe,Manuel F,,
23,Antifona y El Canto de los Pastores,Anonimo,15,https://drive.google.com/file/d/1KJdpIZ3xHgrLKMiuCsW3dRpceM1EZQw8/view?usp=drivesdk
24,Arpa Maraca y Buche,Vicente Emilio Sojo,8,https://drive.google.com/file/d/1gUfi_WEt5UpbDqnwl3CWXesqwfkL9eFl/view?usp=drivesdk
25,Arrunango,Antonio Estevez,10,https://drive.google.com/file/d/1VftMIxs-OvhRX2jCEipHbo5jkAtZyDUR/view?usp=drivesdk
26,Atardecer,Modesta Bor,5,https://drive.google.com/file/d/14FWZaYzkwKVGrUoTey7kiQbQwCp86QnH/view?usp=drivesdk
27,Ave Maria,Anton Bruckner,15,https://drive.google.com/file/d/1yXNUEDM2jOHXmiVPWe4smuzME_5ORk17/view?usp=drivesdk
28,Ave Maria,Pedro Simón Rincon,10,https://drive.google.com/file/d/1MOg3c6jwj0Zr2Cxc2gJtQn09UYx-72hw/view?usp=drivesdk
29,Ave Maria,Cesar Alejandro Carrillo,8,https://drive.google.com/file/d/1X9Zt8C_rjzEefiNgYfO1rZQFmgfdR7DU/view?usp=drivesdk
30,Balada de la Luna Luna,Modesta Bor,8,https://drive.google.com/file/d/1YaiGmEf1VXXPYa2IHw4pFxMfaaQ6sE0-/view?usp=drivesdk
31,Balada del Granado Verde,Eduardo Plaza,30,https://drive.google.com/file/d/1EIaN85In2ggjFgDpXsxbcKqqcg5NETox/view?usp=drivesdk
32,Barco de la Media Noche,Modesta Bor,15,https://drive.google.com/file/d/1HEsk3kOT00xZ6GXVLzZDaXV-CR-FLQOg/view?usp=drivesdk
33,Beautiful Dreamer,Roger Wagner,30,https://drive.google.com/file/d/19ZKV9sFKZT0dAq41qe0N_14PDCw3ICkZ/view?usp=drivesdk
34,Waldesnacht,Johannes Brahms,10,https://drive.google.com/file/d/1xHzl0l54sMPe3JX6LGbI2NXkYi2_zBIX/view?usp=drivesdk
35,Es ist ein Ros entsprungen,Michael Praetorius,3,https://drive.google.com/file/d/1DvYlUB_t3gZ5z55G_ddWVjoUfyJSMlK4/view?usp=drivesdk
36,Bonzorno Madonna,Antonio Scandello,10,https://drive.google.com/file/d/1l1NTVtJQXgQg5d9US5wRc95Fugz_-GN7/view?usp=drivesdk
37,Cabaret,Ralph Wilkinson,8,https://drive.google.com/file/d/1OkpsA78fa2DPkX71eTrshyAVSw-iuYti/view?usp=drivesdk
38,Calipso del Callao,Jose Geraldo Arrieche,20,https://drive.google.com/file/d/1P2yWHRc9COGKb26_SpsBHysFh0AYPOmN/view?usp=drivesdk
39,Cancion de Cuna,Alberto Grau,10,https://drive.google.com/file/d/1v3ZayzIG2j-Un8pDQBq44pa9gkV6RPho/view?usp=drivesdk
40,Cancion de la Amistad Coral,Anonimo,10,https://drive.google.com/file/d/1a10VNByKGfOi-kmMYJm1YdFSeEWablfZ/view?usp=drivesdk
41,Cancion de la Juventud,Dmitri Shostakovich,20,https://drive.google.com/file/d/1eD9HJpxeq-dFh7CBQz4q2d5nVjT4WQcb/view?usp=drivesdk
42,Cancion de la Molinera,Antonio Estevez,20,https://drive.google.com/file/d/1LCTRXb8uzNLBQVGWGVUoy8OuGmy2i3GL/view?usp=drivesdk
43,Cancion de Noche sin Luna,Ruben Rivas,15,https://drive.google.com/file/d/1avN7fQJNO6RaFbrcMs8JAh6MLYEooMJp/view?usp=drivesdk
44,Canción Gallega,Anónimo,,
45,Canciones Populares Argentinas,Carlos Guastavino,5,https://drive.google.com/file/d/11-5LBLKdvl9OzqY0XuVpIPK3cG3UJIDK/view?usp=drivesdk
46,Candida Maria,Rafael Suarez,12,https://drive.google.com/file/d/1GnYqOQtpXJ1Vn8Su2snhXwkrdnlW_6Xa/view?usp=drivesdk
47,Cantando Bajito,Rosa Briceño,30,https://drive.google.com/file/d/1QPT6nhAe-KpgTGIVN7nn-iY4Soo4xYWh/view?usp=drivesdk
48,Cantar No 1,Diogenes Rivas,10,https://drive.google.com/file/d/1Irvjsa37hutlf-eYE18s66VIkk6xWgq9/view?usp=drivesdk
49,Cantemos,Inocente Carreño,30,https://drive.google.com/file/d/1-kfKH_qmdzejKIwiVuTQ8JnoUVB4G3F6/view?usp=drivesdk
50,Cantemos a Coro,Ruben Rivas,8,https://drive.google.com/file/d/1iBmBpmX3PlHzz5GCiWiYWVSUFE9KDeV1/view?usp=drivesdk
51,Cantemus,Bardos Lajos,3,https://drive.google.com/file/d/1xOzi-A4fWAiCs_NhsK-an7GuSixrRCqg/view?usp=drivesdk
52,Cantico,Vicente Emilio Sojo,5,https://drive.google.com/file/d/1pHb1_sVl786u6PRuDqN3LbtfiVHM2NfS/view?usp=drivesdk
53,Cantico de Navidad,Inocente Carreño,-,https://drive.google.com/file/d/17IB9CO6VDtJYkxzvSMsxsXFrIAf-S3E4/view?usp=drivesdk
54,Canto A Bolivar,Juan Bautista Plaza,20,https://drive.google.com/file/d/1HIn2DhYRahTHZWnHG-JtOLqbaNqO-Z72/view?usp=drivesdk
55,Canto a la Vida,Modesta Bor,15,https://drive.google.com/file/d/1JtTRRgCeanVTi9eJBuWXqaiPA_qYOmHN/view?usp=drivesdk
56,Canto Alegre de Navidad,Francois Gevaert,15,https://drive.google.com/file/d/1IgOav3jWbulIXWlV67USV2W6mCD9gQQL/view?usp=drivesdk
57,Cañamelar,Amilcar Rivas,15,https://drive.google.com/file/d/1JTTyBzzE0RIKhk6ZNb8_ySJ8lVZTTX5D/view?usp=drivesdk
58,Ave Maria,Sergei Rachmaninoff,10,https://drive.google.com/file/d/1Xc9G6kErNExsAN6bjopHIa7kz0h-udU-/view?usp=drivesdk
59,Caramba,Federico Ruiz,8,https://drive.google.com/file/d/1E5bATIsskMdtvrEbKJJwy6SApoEsGrCm/view?usp=drivesdk
60,Carnaval,Rafael Suarez,2,
61,Celestial,Gilberto Rebolledo,30,https://drive.google.com/file/d/1MR49X6XFXbKs9i1F_JNKzxnh0gXYdnki/view?usp=drivesdk
62,Cocorioco,Juan Trocconi,12,https://drive.google.com/file/d/1agf7inngQuUHDlJ4uKwOba8b8096OlLh/view?usp=drivesdk
63,Copla,Rene Rojas,10,https://drive.google.com/file/d/1bnWwsJYWcU8LdQR8cm74StV6jb5lfAzJ/view?usp=drivesdk
64,Coral,Pedro Simón Rincon,20,https://drive.google.com/file/d/12G_5LwIvYzE66Bqt7lU_cfY9RorKN0td/view?usp=drivesdk
65,Corales,Johann Sebastian Bach,2,https://drive.google.com/file/d/1WKH2YWEf1VYwx_72Pe5oinOGcXNlkfTA/view?usp=drivesdk
66,Criollisima,Modesta Bor,5,https://drive.google.com/file/d/1N5bBtBPdReZ2PU9ktCdlM5KsbyhnYEMK/view?usp=drivesdk
67,Gradual para Domingo de Ramos,Jose Mauricio Nunes Garcia,20,https://drive.google.com/file/d/1i2Yrjc_yAeqVh7ZXoDqLWXABApFsAZu2/view?usp=drivesdk
68,Cuatrocientos Cincuenta Años,Modesta Bor,12,https://drive.google.com/file/d/1seAfxfOxyq2hs7m0xf6DsFub1o0_Q8es/view?usp=drivesdk
69,Chanflin,J Tony Guzman,12,https://drive.google.com/file/d/1cHkN3INtQKpFsQEpS2fMuQjCJlkttOwW/view?usp=drivesdk
70,Coral,Busoni,1,
71,Christus Factus Est,JA Caro de Boesi,20,https://drive.google.com/file/d/11-RKV-avTs8UgqfqzGwp7z_gfn4BNmGL/view?usp=drivesdk
72,De la montaña venimos,Gilberto Rebolledo,30,https://drive.google.com/file/d/1-oR1MlO0hS5aOE7D1wOFPh4txrBJqdNp/view?usp=drivesdk
73,De Una Raíz tan Fina,Michael Praetorius,20,https://drive.google.com/file/d/1hcs9Ab5IVTOKNA7iUDx7XpWtakAhZDpd/view?usp=drivesdk
74,Despertar,Antonio Estevez,,https://drive.google.com/file/d/1QDh2JlOSKWL553oKxgJ7qTR_bVPxVVji/view?usp=drivesdk
75,Di Vaghe Fila D'oro,Ruggiero Giovanelli,10,https://drive.google.com/file/d/1fWJibQYzG5cuVniMOFDw3z3LyrIim8Bc/view?usp=drivesdk
76,Dime si es pascua,Gilberto Rebolledo,25,https://drive.google.com/file/d/1MItiug425Mpk3-MsSklo1casZP7MXTsw/view?usp=drivesdk
77,Dolcissima mia vita,Gesualdo Di Venosa,20,https://drive.google.com/file/d/1d0l4QF7RfDa5K1zia8SrOxI0pfL4Y0lm/view?usp=drivesdk
78,Dormite mi niño,Vicente Emilio Sojo,12,https://drive.google.com/file/d/1JJe2vi4dzm6II-G4kZMK66_rHz1Wf0HJ/view?usp=drivesdk
79,Dulcisima Maria,Anonimo,10,https://drive.google.com/file/d/1ajplSefgiAFEiDwkEcO54CqhzoOnCmNb/view?usp=drivesdk
80,Ecce Quomodo Moritur,Marco Antonio Ingegneri,10,https://drive.google.com/file/d/1ucXoVvDKWQlYjojH8m9snPMlQwq2Bhm1/view?usp=drivesdk
81,El Grillo E Buon Cantore,Giosquino D'Ascano,10,https://drive.google.com/file/d/1ePgbUkjLxFClcgxwSEUxjeQ-NirZCPAc/view?usp=drivesdk
82,El guayaboso,Guido Gavilan,15,https://drive.google.com/file/d/1hzWZyoNegc5iKIgqf_bTmiwyoj1lEgee/view?usp=drivesdk
83,El niño criollo,Modesta Bor,15,https://drive.google.com/file/d/1a_btSOdy3qaeIneY2wLRI_vVFNhvWbGO/view?usp=drivesdk
84,El Noi de la Mare,Ernest Cervera,2,https://drive.google.com/file/d/1RAPoeoL1H_qH1HLxeXmYATYCR9q5EebE/view?usp=drivesdk
85,El Pequen,Rafael Suárez,8,https://drive.google.com/file/d/1whGMaeKTwLUo2lghqsGQN6LjAr8zh5zH/view?usp=drivesdk
86,El Ritmo de la Habanera,Romo Raventos,20,https://drive.google.com/file/d/1jEZI8Fwo99YNEDKzS3ZRNJIKFqLhrD1L/view?usp=drivesdk
87,Eli Eli,G. Bardos,20,https://drive.google.com/file/d/1xec2b--pnh-UpXl62MlmCctGoOjLdNzt/view?usp=drivesdk
88,En Belen Tocan a Fuego,Ernest Cervera,10,https://drive.google.com/file/d/1FO4agjDpQ9zRzHwU1cOOlDbKFKs6veK0/view?usp=drivesdk
89,En Días Así,Electo Silva,20,https://drive.google.com/file/d/19LgucfRGhipbS7d99X1rnjpxWFkMvcF6/view?usp=drivesdk
90,Epitalamium,Vicente Emilio Sojo,18,https://drive.google.com/file/d/11OIrNd77VSbo4nm9Betty1tzry9mAgr_/view?usp=drivesdk
91,Esplendida Noche,Ricardo Perez,15,https://drive.google.com/file/d/17t0dsQMk4eocIqTgccyGZvFE2ScVapzV/view?usp=drivesdk
92,Esta Bella Noche,Luis Eduardo Galian,10,https://drive.google.com/file/d/1DAagFNI9ArQi9hZ40LCT4xEEWLjZD1vp/view?usp=drivesdk
93,Estidal,Zoltán Kodaly,20,https://drive.google.com/file/d/1ZBIJteo8TGZ_fCRVIIjXUlo8n5Z6i_-M/view?usp=drivesdk
94,Estote fortes in bello,Tomás Luis de Victoria,5,https://drive.google.com/file/d/1Oa_KLoiS01RAWl2jU9wzLVoVjDk7GOzb/view?usp=drivesdk
95,-,-,-,
96,Evohe,J A Calcaño,3,https://drive.google.com/file/d/1t8plgsQSo-YOQWJ324yc4kOC8THKNUpi/view?usp=drivesdk
97,Exultate Deo,Alessandro Scarlatti,15,https://drive.google.com/file/d/10rjk13rjlVDYgCaoOWrYfvMHt9il50pY/view?usp=drivesdk
98,Flor de Mayo,Moises Moleiro,20,https://drive.google.com/file/d/1YWdpQWMnwxer-wPngY5jJFLNy4IT0Y7d/view?usp=drivesdk
99,El Fuego,Mateo Flecha,30,https://drive.google.com/file/d/1CZcuY_uyHEGZpmjELES5h6Ax0XdU765t/view?usp=drivesdk
100,Fulia de Cumana,Modesta Bor,,https://drive.google.com/file/d/1-aBIob1benlzrO1SrsRwPqtYyvKMdVk2/view?usp=drivesdk
101,-,-,-,
102,Gaudeamus Igitur,Antonio Estevez,20,https://drive.google.com/file/d/1Kd1dGdDOK5YjvwwyMUxKf88bFd-od24Y/view?usp=drivesdk
103,El Gavan,Rafael Suárez,8,https://drive.google.com/file/d/1JtuX_Pr2CTTflVe5zvnxBPJSOGRtGspW/view?usp=drivesdk
104,Gloria ,Vivaldi,20,https://drive.google.com/file/d/1-zAnZg9iTtoUlhwMVuZqDet4t4HAvyX-/view?usp=drivesdk
105,Gloria ,Flavio Magnani,20,
106,Gota de breve rocio,Inocente Carreño,8,https://drive.google.com/file/d/1exJH-c7JksDJv0k8kjJRnnaMpo0-wGyM/view?usp=drivesdk
107,Christus Factus Est,Anton Bruckner,25,https://drive.google.com/file/d/1jkUL-O_P8UlFymOcWzbScm3SafpCG14T/view?usp=drivesdk
108,Non nobis Domine,William Byrd,10,https://drive.google.com/file/d/1O6Wn5xJC-yhtm0TWPo80NsUvb1cnLToa/view?usp=drivesdk
109,Festejo,Anonimo,20,https://drive.google.com/file/d/17TlKrlFImx-CBCjJz4aVf3CRI_dd4Poa/view?usp=drivesdk
110,Serenata Para la Tierra de uno,Liliana Cangiano,10,https://drive.google.com/file/d/1478HSwmnrXI2b8oognfViikVDITw69dU/view?usp=drivesdk
111,Magnificat,Javier Busto,,
112,Maritxu Nora zoaz,Javier Busto,3,https://drive.google.com/file/d/12L2Uakpm3kYFg8PFn0jdA-d-Ttx1K3io/view?usp=drivesdk
113,Papagenos Glockenspiel,Wolfgang Amadeus Mozart,10,https://drive.google.com/file/d/16H4oTCWm2k3UBSKPAowpDC3aev98KbGM/view?usp=drivesdk
114,Hora Nirkoda,Marc Lavry,,
115,Huainito,Juan Martini,10,https://drive.google.com/file/d/1_nLUCXsgvzS7C6CCK-MqzKDAliU5oJ8X/view?usp=drivesdk
116,If I got my ticket can I ride,Robert Shaw,20,https://drive.google.com/file/d/1ydmvsr-A2HEeoGVh1WDzp0dvf-AzvhxR/view?usp=drivesdk
117,Miser Catulle,Carl Orff,8,https://drive.google.com/file/d/1Oy_1KAIFgW7Ii32HxRB6t-R0V4BBP3t2/view?usp=drivesdk
118,Il Eco,Orlando de Lasso,10,https://drive.google.com/file/d/1tmBmQsWih5cbjbaAlRFdVwkvSfJB3pzr/view?usp=drivesdk
119,Ire a Santiago,Roberto Varela,20,https://drive.google.com/file/d/1Pls59PekGH16pDINUGKVEXFxYG7FYTE5/view?usp=drivesdk
120,Isla de Margarita,Modesta Bor,8,https://drive.google.com/file/d/1ZQz9Pr9nivrufr70lV8cJWEgnYYCOV1L/view?usp=drivesdk
121,Ich stund an einem Morgen,Heinrich Isaac,15,https://drive.google.com/file/d/1C9zWQyC_46ybe2cGd4dW_fuV-RR9aYfv/view?usp=drivesdk
122,La Brisa,Modesta Bor,8,https://drive.google.com/file/d/1ORbPnorDXl4sTewQA5TiVUSF-QazRazO/view?usp=drivesdk
123,La Burra,Federico Ruiz,12,https://drive.google.com/file/d/1Y0CIB3HV5VhsqxRhQ6pT5lVhzyDZuGfH/view?usp=drivesdk
124,La Galera,Modesta Bor,25,https://drive.google.com/file/d/1MfRVtDp4lT75xdNcrOV78Utci5GX572u/view?usp=drivesdk
125,La Guitarra,Alfredo Rugeles,5,https://drive.google.com/file/d/1cwLwRdHJVnRfGSQuLLm4dumqVq9coGvK/view?usp=drivesdk
126,La Peregrinacion,J G Segado,25,https://drive.google.com/file/d/1PA_m5gpeM7CS1dbluta6JNiP_ykPu6jb/view?usp=drivesdk
127,La tarde como con pena,Pedro S Rincon,15,https://drive.google.com/file/d/1ojXwly6LuFOEdpOH89d33luu6d1YQJ9E/view?usp=drivesdk
128,Y la trasnochada,Maria del Carmen Aguilar,8,https://drive.google.com/file/d/1A3epb8qxggE1Fr9QkOoAJRfHsECn4d5h/view?usp=drivesdk
129,La Vasija de Barro,Javier Zentner,20,https://drive.google.com/file/d/17yeFoC9TXtyVXJNuulkYlKkdqJtbkuhY/view?usp=drivesdk
130,Laetitia,Vicente Emilio Sojo,12,https://drive.google.com/file/d/1ahQb9s6la3qJ0lbO-nNTwP0K8JR-AUfI/view?usp=drivesdk
131,Las Cuatro Palomas,Electo Silva,20,https://drive.google.com/file/d/1HHXf6a_ODrYO7Z4W2f0TblCqnDGx46Fg/view?usp=drivesdk
132,Las Mañanitas,Julian Aguirre,20,https://drive.google.com/file/d/18Ouxyudw_UUoVkullc8lXQop4-yW-7CM/view?usp=drivesdk
133,Las Plenas,Raul Delgado Estevez,4,https://drive.google.com/file/d/1vxwLbUZ52uyJFfN7qDbf0R2a3INk_Lg2/view?usp=drivesdk
134,Las Posadas,Anonimo,5,https://drive.google.com/file/d/1CDiNv849HFDu2jRe85ieFP7pkwewNAND/view?usp=drivesdk
135,Lasciate mi morire,Claudio Monteverdi,15,https://drive.google.com/file/d/1-rTENfBDC8rJSd5U9JwDiryhGkQT6ys_/view?usp=drivesdk
136,Lay,Vicente Emilio Sojo,8,https://drive.google.com/file/d/1Xq67SF6ycKTyq2mG5j6xxDgsJ8yEdoYX/view?usp=drivesdk
137,Liebelieder,Johannes Brahms,30,
138,Lo que dura la gota de Rocio,Ruben Rivas,5,https://drive.google.com/file/d/1amS01RX7ZIQffj0uYdnHbFUxGBfCscAV/view?usp=drivesdk
139,Los tres reyes Magos,Modesta Bor,30,https://drive.google.com/file/d/1BENqecTCWR8I8ifvnslN8XroQ0pF1r7J/view?usp=drivesdk
140,Llorad Mortales,Pedro Nolasco Colón,1,https://drive.google.com/file/d/1xPeWWWpzkqdF7SUOuZiBApSxMtZs-Cpx/view?usp=drivesdk
141,Lluvia del Cielo,Anonimo,15,https://drive.google.com/file/d/1ywtC0HqdsYCf0ln1wiEOqfk4aWv3bwv1/view?usp=drivesdk
142,8 Madrigales,Monteverdi,8,
143,Manchas Sonoras,Modesta Bor,25,https://drive.google.com/file/d/1ACmP1PToldnBn8LOMkx9VlheJIBFDdXb/view?usp=drivesdk
144,Neruda Tiempo y Espacio,Gilberto Rebolledo,10,https://drive.google.com/file/d/1j1xj-wcgFa6jIP8PKIhDvG1SGsB9-OBo/view?usp=drivesdk
145,Maracaibera,Rafael Suarez,20,https://drive.google.com/file/d/1VFxQfJZ_MSF_c_UrHtovL4D1p23w6ksV/view?usp=drivesdk
146,Mare Mare,Anonimo,10,https://drive.google.com/file/d/1wGqqgkHwjNaY2HExX2xSq1bkDfq_ns71/view?usp=drivesdk
147,Maria en la Montaña,F Guenther,18,https://drive.google.com/file/d/1H-VW5zQd97WKhtHI3Ar8BZXlt7S6Lspu/view?usp=drivesdk
148,Mas Vale Trocar,Juan del Encina,8,https://drive.google.com/file/d/1TF_CKRrailzB91_yczz7XC9B0iWwXpsz/view?usp=drivesdk
149,Mata del Anima Sola,Antonio Estevez,10,https://drive.google.com/file/d/1z1vs0q_z-RlAJgzdegtU6ns5TSm2086J/view?usp=drivesdk
150,Matona Mia Cara,Orlando de Lasso,,https://drive.google.com/file/d/1lBU5TH0PHtvQOaMjUtwmSv3a2iq7_aAD/view?usp=drivesdk
151,Memento Salutis Auctor,William Byrd,5,https://drive.google.com/file/d/17ZCgJ3jvkMWe5vvtRmmZlFwWVRmfpuIE/view?usp=drivesdk
152,Merida,Ruben Rivas,20,https://drive.google.com/file/d/1j_xJ1kb6JbiEMG1aQHHOUZKVOPonDbSZ/view?usp=drivesdk
153,Metodo Pratico di Canto Italiano,Nicola Vaccaj,20,https://drive.google.com/file/d/1hrg9n0yOARSoPfYGxW61Ww_6dgGjKzJF/view?usp=drivesdk
154,Mi niño jesus,Luis Eduardo Galian,20,https://drive.google.com/file/d/1CiAvV28Q5PGwSGz_Dm_h0DAenf8uPNQ8/view?usp=drivesdk
155,Arreglos Orquestales ,Hildebrando Rodríguez,5,
156,Missa Luba,Guido Haazen,30,https://drive.google.com/file/d/1EKC_sjF8CzN8CckeIqiKks9M3psFmApN/view?usp=drivesdk
157,Misa Brevis,Giovanni Pierluigi di Palestrina,15,https://drive.google.com/file/d/1cFE0_qQthUzNy5eYdHdDG_-xl4qNA8DM/view?usp=drivesdk
158,Missa pro defunctis (Introitus),Anonimo,10,https://drive.google.com/file/d/1i5a1Jm2-42-2tpGU0cCv-My8-lXetf0g/view?usp=drivesdk
159,Mucuchies,Ruben Rivas,10,https://drive.google.com/file/d/1aNte37wHho3W1czIFWh4pLasnyoO6g0x/view?usp=drivesdk
160,Muie Rendeira,Carlos Pinto Fonseca,20,https://drive.google.com/file/d/1Xkz4vxNylWsw_8FEIe_6ShFgOW3vYfkZ/view?usp=drivesdk
161,Na Bahia Tem,Hector Villalobos,10,https://drive.google.com/file/d/1SatRdrahFxkL8-toNyyP0OLBQ6hbEHZk/view?usp=drivesdk
162,Navidad de los Campos,Federico Ruiz,15,https://drive.google.com/file/d/1wOIc-Js941RHGLy9arsEBX79Xu5bcIvk/view?usp=drivesdk
163,Campanas de Navidad,Anonimo,1,https://drive.google.com/file/d/1PXkga9qCC4oaNvB4eMjVlWtF7-FANIVe/view?usp=drivesdk
164,Noche de Paz,Cesar Alejandro Carrillo,20,https://drive.google.com/file/d/1z3MfccrclxaZN1lni3TzX5AX-XPOCTVg/view?usp=drivesdk
165,Noches Larenses,Modesta Bor,,https://drive.google.com/file/d/1wHa8QbFN55HbA3wgeAlpo54kDQiHVXJ6/view?usp=drivesdk
166,O magnum mysterium,Tomas Luis de Victoria,8,https://drive.google.com/file/d/1nDy7hD77rZWH-Tx7gQrtpLsS271AuVpY/view?usp=drivesdk
167,O magnum mysterium,William Byrd,10,https://drive.google.com/file/d/1JXFUrj98ABECTz6ir1ylAKXOy5fTOSdw/view?usp=drivesdk
168,O quam gloriosum,Victoria,10,https://drive.google.com/file/d/1bEPYUpMCEn2XrnU9gcSZ5455EC7e39-x/view?usp=drivesdk
169,Oda a la Paz,Jose Pagan,20,https://drive.google.com/file/d/1Y9Nz5VI784zfggGO-zhRlhzJIEl4u1QT/view?usp=drivesdk
170,Odi et Amo,Carl Orff,8,https://drive.google.com/file/d/1UaoBiqUMR5wehCcQahTtkIT2Imck5pGI/view?usp=drivesdk
171,Camino a Belen,Gilberto Rebolledo,,https://drive.google.com/file/d/1lzYK3YlkMiWQWaeNdtkssF7tcFUh0miJ/view?usp=drivesdk
172,Oh Lemuel,Roger Wagner,10,https://drive.google.com/file/d/1k_DBa7KRAm2qZNy6JwachFC_peUuV_rE/view?usp=drivesdk
173,Oh virgen pura,Rafael Izaza,8,https://drive.google.com/file/d/1Q9Ii6QdW_PdnXnPuDmv8shBtFt87YOjP/view?usp=drivesdk
174,Magnificat,Johann Sebastian Bach,8,https://drive.google.com/file/d/1ZkhM2oOPO1ucd6DOB0A2W8MjT0QjyTbK/view?usp=drivesdk
175,Paradura del niño,Jose Geraldo Arrieche,10,https://drive.google.com/file/d/19LC9bi3Rg-QU7IPTAhL71GNCpZHGDsve/view?usp=drivesdk
176,Partamos a Belen,Cesar Alejandro Carrillo,10,https://drive.google.com/file/d/1gBWJiH1nby91vvGAR1FYYMXOTGs4M3tP/view?usp=drivesdk
177,Polo Margariteño,Modesta Bor,5,https://drive.google.com/file/d/1Vljmk4L0D-MTHi-XBkUBqYrbO40WogWV/view?usp=drivesdk
178,Popule Meus,Jose Angel Lamas,15,https://drive.google.com/file/d/1KIJEAuAestcXVLkbqON2rpR5rLVZzoQD/view?usp=drivesdk
179,Por la cabra rubia,Vicente Emilio Sojo,10,https://drive.google.com/file/d/1fNO8KlLvDMzsgImUw0foEp6amfeH0miw/view?usp=drivesdk
180,Que mejor oracion,Jose Geraldo Arrieche,,https://drive.google.com/file/d/1c4JsxfuDsm0QV9r3m5XN0k2wqP7GJsCt/view?usp=drivesdk
181,Quiero ser luz,Daniel Reguera,8,https://drive.google.com/file/d/11XZAlTjhqE4cJ5HAg2hV5ACQwhCZrW2O/view?usp=drivesdk
182,Quirpa Guatireña,Ruben Rivas,10,https://drive.google.com/file/d/1wLjJvmz39U4UBWf76QzSqMgoTpJ44U_r/view?usp=drivesdk
183,Quisiera,Roberto Varela,3,https://drive.google.com/file/d/117JDJXEIXY0zIYbFGnLkk0-Sm10Wiljk/view?usp=drivesdk
184,-,-,-,
185,Regina Coeli,Johannes Brahms,12,https://drive.google.com/file/d/1EE8dBVBrFmFAteZmPWL0Ijd2qbs2uLIh/view?usp=drivesdk
186,-,-,-,
187,Richte Mich Gott,Mendelssohn,15,https://drive.google.com/file/d/1Ke3k7IOPyLtjXpU9SNgvi27ezL40T4oB/view?usp=drivesdk
188,Rizos Blancos,Diogenes Rivas,25,https://drive.google.com/file/d/1-DYksP9OiMuGjTNM4wCJ3N-cM2yMf36c/view?usp=drivesdk
189,Romance del Tirano Aguirre,Vicente Emilio Sojo,25,https://drive.google.com/file/d/1vOomlvadX1YbLGgfHTjhSF8w5AKDcpKr/view?usp=drivesdk
190,Rosa Amarela,Hector Villalobos,30,https://drive.google.com/file/d/1A8sM9AoE85B-jx9ji0PI1Af0Gs-gp88P/view?usp=drivesdk
191,Salve Regina,Cesar Alejandro Carrillo,25,https://drive.google.com/file/d/1nNS6XuA9GNVtC2PUxGNCciLlj-UtLQKH/view?usp=drivesdk
192,Sambarambule,Felipe Izcaray,15,https://drive.google.com/file/d/1XJmn8WPEEDfdtvNdMIHdtATn19ga6suj/view?usp=drivesdk
193,San José ta contento,Z vidaud,8,https://drive.google.com/file/d/1wOyx6UrrhyjVx_SzedKF_T_bWizl_9_8/view?usp=drivesdk
194,Sancocho e huesito,Anonimo,5,https://drive.google.com/file/d/1CFNbEuatH-btLhfJRDatu3g9uYxXA9Ta/view?usp=drivesdk
195,Se equivocó la paloma,Guartarino,,https://drive.google.com/file/d/1HC-9woULjjT1QIxe3GHcSERcWUEfzXT7/view?usp=drivesdk
196,Se todos fossen iguales a voce,Jose Bultriago,3,
197,Seis Perreao,Felipe Izcaray,30,https://drive.google.com/file/d/1bE77RqZSHjw0wKHwT5aAS7XxgOdloSLd/view?usp=drivesdk
198,Set Down Servant,Robert Shaw,,https://drive.google.com/file/d/1pvcpwWI_7th4NGM5QNpoQB1NheCS7yqI/view?usp=drivesdk
199,Sicut Cervus,Giovanni Pierluigi Da Palestrina,,https://drive.google.com/file/d/1y0WJ_MtaZelZyQ6rbTNP0gzvl7brG3_w/view?usp=drivesdk
200,Sola Camisola,Ricardo Jaramillo Rodrigo Trujillo,10,https://drive.google.com/file/d/12LhtzVZAF2DCO1-yr8IvR0PXwdXbfNYX/view?usp=drivesdk
201,Sometimes I feel like a motherless child,Robert Fontaine,,
202,Son de la Loma,Conrado Monier,20,https://drive.google.com/file/d/1nkpVFROstfUbjIUizuEO3ViOkDCso_fz/view?usp=drivesdk
203,Son Mercedes,Leo Brower,20,https://drive.google.com/file/d/1oDZ-4f3Ph3hh1Bf7jlIteJ744uF9p-wz/view?usp=drivesdk
204,Soy Pan Soy Mas Soy Paz,Julio Barragan S,10,https://drive.google.com/file/d/1F5iP1Zg-CChXndH0GxPZyah6o_aq71sR/view?usp=drivesdk
205,Stabat Mater,Juan Manuel Olivares,10,https://drive.google.com/file/d/1pudmjAknb2PKdIj1bcyGDATwJGoQAZL3/view?usp=drivesdk
206,Suite Martiniqueña,Electo Silva,30,https://drive.google.com/file/d/1riikFKNMtYIfaGIjkeWvcz3vQuhtSt0X/view?usp=drivesdk
207,Summertime,William Stickles,8,https://drive.google.com/file/d/1sJW99OVCe6cS45AkXyG9yUnPJcvaxSYH/view?usp=drivesdk
208,Sun sun paloma,Electo Silva,,https://drive.google.com/file/d/1ZZYitl8ZBZCi9oLl4Aghnf6pJeM5xFwV/view?usp=drivesdk
209,Swing Low Sweet Chariot,Roger Wagner,30,
210,The Omnipotence,Franz Schubert,30,https://drive.google.com/file/d/1sR_NHo54uONy-MXOXKN8SVLd5wWei-yG/view?usp=drivesdk
211,Thou knowest Lord the Secrets of our hearts,Henry Purcell,12,https://drive.google.com/file/d/1PcNFN1RgOMxkgZ-AmRtEks6LbhMLHuiO/view?usp=drivesdk
212,Timor et Tremor,Francis Poulenc,10,https://drive.google.com/file/d/1MhT4_dktYXtlyVvTZTcOyNK0sM_Etnh3/view?usp=drivesdk
213,Todas las Estrellas,Modesta Bor,20,https://drive.google.com/file/d/1CUL6YNwO-eDhwJUeEZBOY9Duv6h87eJg/view?usp=drivesdk
214,-,-,-,
215,Tres Epitafios,Rodolfo Halffter,10,https://drive.google.com/file/d/1i45dZqgL_BPRNubpsbJvRe4m6qnfFpH6/view?usp=drivesdk
216,Cancion de Jinete,Juan Carlos Nuñez,25,https://drive.google.com/file/d/1LD8VhdfSPtZAc6LZ6SY48EkPYEVOHkwW/view?usp=drivesdk
217,Tu Corres por la Playa,Gilberto Rebolledo,10,https://drive.google.com/file/d/1fm6AvO-fP2gSx6LZS5Fs7_ShTGC70kYo/view?usp=drivesdk
218,Uxor Tua,Vicente Emilio Sojo,10,https://drive.google.com/file/d/1hCFg6nUcI5mrlqy0e3tqud8aq58Q3cQm/view?usp=drivesdk
219,Velero Mundo,Modesta Bor,20,https://drive.google.com/file/d/1t-zeDYxCNIXqyaF8jhH0FAlup4AEipGB/view?usp=drivesdk
220,Stabat Mater,G.B. Pergolesi,10,https://drive.google.com/file/d/1HBkPE5SXD_dAMBwn00pJKZcSmpoTPnyI/view?usp=drivesdk
221,Venid Oh mortales,Gilberto Rebolledo,20,https://drive.google.com/file/d/1uj9N5zl-MO9Quz9OrTZGdhYfa5CCtlDm/view?usp=drivesdk
222,Verano Porteño,Astor Piazzola,20,https://drive.google.com/file/d/1uPCjeZaEoa__bKN7vnY6csnMeS3wzrab/view?usp=drivesdk
223,Virgen Santa,F Guerrero,2,https://drive.google.com/file/d/1cYedgy1glbj_1ZkbubamfMvlCb0bbagw/view?usp=drivesdk
224,Weep O Mine Eyes,John Bennet,10,https://drive.google.com/file/d/1XZP9IpFYIjzJdCExDdj77cBrsJi99dKZ/view?usp=drivesdk
225,Were you there,Alice Parker,30,https://drive.google.com/file/d/1kG8Wer2pVABp8frhUP6_fbZaF-x9PFVY/view?usp=drivesdk
226,Xauli,Tomas Garbizu,20,https://drive.google.com/file/d/1IRwSr8Vn-QRQjEFTjswdPrR_BJCm3txL/view?usp=drivesdk
227,Yemanja Oto,Kilza Setti,30,https://drive.google.com/file/d/1td5FNaMltqegMOiWyTHoPJY0uon6_WCA/view?usp=drivesdk
228,Zefiro Torna,Luca Marenzio,20,https://drive.google.com/file/d/1sA_Sl4Wbu9Y_mzWsRjTNKOAeiu_VGlIz/view?usp=drivesdk
229,El negro José,Ali Aguero,20,https://drive.google.com/file/d/1Epqb-r2ZQY4KoEHWhTud8UlRsQK7bUpN/view?usp=drivesdk
230,Barquito de Sal,Antonio Villa Alvarez de Sotomayor,8,https://drive.google.com/file/d/1swbxepJbZZW1ut-FXbSH82aT4NeZ8jrI/view?usp=drivesdk
231,Vidala de Nochebuena,C barraquero,20,https://drive.google.com/file/d/1O0NDKkZcYd_aQmkSxJHfh_sHc4w3oihn/view?usp=drivesdk
232,Al compás de Habanera,,10,https://drive.google.com/file/d/14v5tG0lgN09kUk0DIeC_WaWn6jBzjHA9/view?usp=drivesdk
233,Mare Nostrum,Vicente Sanchez Sanz,6,https://drive.google.com/file/d/1cG4skQxvU60-8E2_nP1yRzU0j-dLbTvF/view?usp=drivesdk
234,Magnificat,Johann Sebastian Bach,20,
235,Torrevieja,Ricardo Lafuente Aguado,15,https://drive.google.com/file/d/1J_Xsb_s7jL1NXVhhjKLuvCgCxGOzacdO/view?usp=drivesdk
236,Lux Aurumque,Eric Whitacre,15,https://drive.google.com/file/d/1_QF0hpjssE9b4GZibXC6lqKSa5sxeUR7/view?usp=drivesdk
237,O sacrum convivium,Oliver Messiaen,12,https://drive.google.com/file/d/1Dx7TYnqbX46AK8THDIJf5EekHUly86_7/view?usp=drivesdk
238,Daniel Servant of the Lord,Undine Moore,12,https://drive.google.com/file/d/1KItpeRK94pn9Z4Co4dljQCNnQcX-kueY/view?usp=drivesdk
239,La Nana,Anonimo,5,https://drive.google.com/file/d/1yeQEMKp1YsB7Q67bqd6kFOTHJwFEeI5Y/view?usp=drivesdk
240,Oiga Compae,Cesar Alejandro Carrillo,15,https://drive.google.com/file/d/1GdhUhxh88L9xKYTvZvDwP0H5jV77L7G1/view?usp=drivesdk
241,Canciones Alemanas,,30,
242,Gloria ,Javier Busto,20,https://drive.google.com/file/d/13ppOtXXsaHx9-3cqwUGDqdYn48rT3Gq7/view?usp=drivesdk
243,Dame una Ilusion,Modesta Bor,2,https://drive.google.com/file/d/114Cbo5AUko6Nqj7E-GCk-YZazxa7SQtL/view?usp=drivesdk
244,Coro di Schiavi Ebrei,Anonimo,20,https://drive.google.com/file/d/1Vzpzaww-XqaUVQ0rmPsfN7v__sV351BY/view?usp=drivesdk
245,Tres picardías Venezolanas,Oscar Galian,10,https://drive.google.com/file/d/1Qss7tCBTLIYsOeSbT0Itg4vmZWEAZzSD/view?usp=drivesdk
246,O Magnum mysterium,Javier Busto,15,https://drive.google.com/file/d/1TpK1Ly_GB9qncs0yV293L5bc3tn1iZwp/view?usp=drivesdk
247,Choros No 10,Hector Villallobos,15,https://drive.google.com/file/d/1w-rRZz9LQ3PPNgSHzT3iiRSVz1fcvAGw/view?usp=drivesdk
248,Lacrymosa,Z lukas,10,https://drive.google.com/file/d/1PW8fdHBpnytAh1OB0tXlY_0F2CO1GtD7/view?usp=drivesdk
249,Chili con Carne,Anders Edenroth,20,https://drive.google.com/file/d/1_VoZyTGpsJhHhNwptA1c23QTUyfeFN9a/view?usp=drivesdk
250,Lo hadi ainguria,Francisco Escudero,30,https://drive.google.com/file/d/1DL6r_FENRfg41tmhGX0awRgKf-kHzUGC/view?usp=drivesdk
251,Si a mi me hubieran dicho,Beatriz Corona,12,https://drive.google.com/file/d/1AabUn5oGV1RopEYkO07KYmaSlWm1e-qG/view?usp=drivesdk
252,El Garrote Encabuyao,Albert Hernandez,12,https://drive.google.com/file/d/1D3QoEqxjMa-jW7Zg2Im_ZZBB4MKz7LAO/view?usp=drivesdk
253,Romance para una madre Campesina,Felipe Izcaray,20,https://drive.google.com/file/d/19YyjxngCDTJJPT6ob_H5VSXw6NzQzEBH/view?usp=drivesdk
254,The Planets (Neptune),Gustav Holst,20,https://drive.google.com/file/d/1aVadPzStICvHXVqRznkhb33-PvF_DTwC/view?usp=drivesdk
255,Hymn to the creator of light,John Rutter,10,https://drive.google.com/file/d/1DUfyyQXHXNnsJwJfIP7N37KBrYE1-huu/view?usp=drivesdk
256,El Bodeguero,Conrado Monier,8,https://drive.google.com/file/d/1gAkfGL3F1Bq4H4v23lFlxl6aMDYroooJ/view?usp=drivesdk
257,Cantus Missae,Josef Gabriel Rheinberger,30,https://drive.google.com/file/d/1F_qWWgzXN06dyw96vr6Wcm4gZ-YPQAAT/view?usp=drivesdk
258,El Arado,Gilberto Rebolledo,8,https://drive.google.com/file/d/1SV7GckkOFjsf7wYrgfYevVPfeNs7zbp9/view?usp=drivesdk
259,Cantata 142,Johann Sebastian Bach,20,https://drive.google.com/file/d/1KtcjqLqzuB2e_zLR-C8xY5UNbpSLLatc/view?usp=drivesdk
260,Shenandoah,James Erb,10,https://drive.google.com/file/d/1a2Tv9KJYijkU-7oaUdIlq2aL_OvXr-OB/view?usp=drivesdk
261,Aguas de marzo,Gerard Gambus,20,https://drive.google.com/file/d/1AI7TQsIbHp0mz390Q2R07uwFaf-oqCCS/view?usp=drivesdk
262,Cantata de Navidad,Daniel Pinkham,,https://drive.google.com/file/d/1RS34n79u60UcwA9HdDOC15MmW8qmSK-b/view?usp=drivesdk
263,Deck the hall,Hugo Cole,12,https://drive.google.com/file/d/1Lygm385dRl1D95b4NMpqpiJ2Genyl2NR/view?usp=drivesdk
264,Quatre Motets pour le temps de noël,Poulenc,30,https://drive.google.com/file/d/1yrjT9KrWZTo-pSKJKvTuOcB5ywvm4U6U/view?usp=drivesdk
265,Blow Blow thou winter wind,Cyrill Jenkins,8,https://drive.google.com/file/d/1ld-rvrsocKqtcf8w-z2l0TSHDPr4svUS/view?usp=drivesdk
266,-,-,-,
267,Al Mar anochecido,Gonzalo Castellanos,15,https://drive.google.com/file/d/19fzxjCZpYr9TYQLStKaas-hjViuXIK8f/view?usp=drivesdk
268,Viña Nueva,Adriana Verdie,15,https://drive.google.com/file/d/1H96W3Po5l-2_RBbtOYxbsCJkwZO1wJH7/view?usp=drivesdk
269,El Santiguao,Fedrico Ruiz,4,https://drive.google.com/file/d/1Gre_z4P90Ay_opi6B3mxuBosSEBZ9OKQ/view?usp=drivesdk
270,-,-,-,
271,San Juan To lo Tiene,Cesar Alejandro Carrillo,25,https://drive.google.com/file/d/1KuGs5VCUevI0lsqCtIwqMgB7dFW0TFaw/view?usp=drivesdk
272,Tradicion,Gilberto Rebolledo,1,https://drive.google.com/file/d/1WHdevB64_9-zRh-UXOl5Kh4b9cjiQM2T/view?usp=drivesdk
273,All My Trials,Norman Luboff,10,https://drive.google.com/file/d/1XwC02C58KgPzK3CbHkzXXsO5W-NBtIxa/view?usp=drivesdk
274,Esplendida Luna,Gilberto Rebolledo,2,https://drive.google.com/file/d/1T8KzIIRX0GCXO8aECyt_TePT52qhoXap/view?usp=drivesdk
275,Sabia Coracao de una viola,Aylton Escobar,12,https://drive.google.com/file/d/15SSu7DLN_4_GpByKxJpJ-a_dbfqnltKR/view?usp=drivesdk
276,In Monte Olivetti,Cayetano Carreño,15,https://drive.google.com/file/d/1a5xMoS4VBdK7ATvNZfDN4tp4BELKeXag/view?usp=drivesdk
277,Ave Maris Stella,Trond Kverno,20,https://drive.google.com/file/d/1KnskODt9RLhCM4927WNFqTuNjwWxX0A2/view?usp=drivesdk
278,Christmas music for voices,John Cacavas,20,
279,Ponto de Macumba,Gerard Gambus,15,https://drive.google.com/file/d/1BabLhgXEZnKcOWSzgFCorUj40be1s_8K/view?usp=drivesdk
280,A choral Amen,John Rutter,30,https://drive.google.com/file/d/1iCLCtTwflPU7fWGbmEeHW4fnXO17mVtg/view?usp=drivesdk
281,Dadme Albricias,Anonimo,1,https://drive.google.com/file/d/1XVwHmRLrKb_GDPxJpaBFcEw6fs4_wMSh/view?usp=drivesdk
282,O voso galo comadre,M Groba,2,https://drive.google.com/file/d/12SPN4Ho2XWwVZ_SJxnycBFJ3F9gyzEoQ/view?usp=drivesdk
283,D'amor pane dolcissimo,Anónimo,,https://drive.google.com/file/d/1hWHJThwC-GM_RcTfwzBttb96Yu6N4MuL/view?usp=drivesdk
284,De Coelo Veniet,Jacobus Gallus,3,https://drive.google.com/file/d/1zE8a0VtvCW2xQQ_uvguoFTO_OUy97DZk/view?usp=drivesdk
285,Susceptimus,Anonimo,5,https://drive.google.com/file/d/1-EH8krtNOm9LG3wmp64_NmQZahIkhq3v/view?usp=drivesdk
286,Espinito,Juan Bautista Plaza,4,https://drive.google.com/file/d/1jWSU0S7x9op8iyH-b6X0ZGyfibz5bWzL/view?usp=drivesdk
287,La Belle si nous etions,Francis Poulenc,5,https://drive.google.com/file/d/1pq0de-ZyeYD0Y9OesGfLJH0rNc1OVYr9/view?usp=drivesdk
288,The lord loves a laughing man,Norman Lubolff,,https://drive.google.com/file/d/1yTyMO2E6FGqDOphyt4MIV_8Zh6cCIjYe/view?usp=drivesdk
289,Aguinaldo de El Tocuyo,Felipe Izcaray,10,https://drive.google.com/file/d/1btkshLKhT0AqpfVxrIWc351NdjYvDwbV/view?usp=drivesdk
290,-,-,-,
291,Soon ah will be done,William Dawson,2,https://drive.google.com/file/d/151M3rrU_G7r_Ke2m6o_TV0Pstn3oICUB/view?usp=drivesdk
292,Luna de los maizales,Vinicio Adames,,https://drive.google.com/file/d/1YYw4qNS35ZeD05aiULpWHeJpN2XZK9FC/view?usp=drivesdk
293,Rosas Frescas,Juan Bautista Plaza,12,https://drive.google.com/file/d/18AO0bRq37YviLWTGJhZEnf_IJa7W6r3h/view?usp=drivesdk
294,El poncho andino,Gilberto Rebolledo,,https://drive.google.com/file/d/1kWSmAP_OtdytctAi7CicIUpVQ30CePQn/view?usp=drivesdk
295,Qualis Est,Pedro Nolasco Colon,10,https://drive.google.com/file/d/1Jql602Al0vykQjPf2uvpqSTYI3UUtQo-/view?usp=drivesdk
296,Recordare Domine Quid Acciderit Nobis,Anonimo,10,https://drive.google.com/file/d/1FZXyUZIrm7Fh6s880IIabz901Q3Nn-ij/view?usp=drivesdk
297,Como le pago,Felipe Izcaray,3,https://drive.google.com/file/d/1Q-ev-fJrR_3CBxnq_K_Isv7ZuDGyxa_Q/view?usp=drivesdk
298,Resignation,Hugo Wolf,5,https://drive.google.com/file/d/1SAtVxvXErpG-DpYSAZo02Y6Lb_D8jwnz/view?usp=drivesdk
299,Que gran tradición,Cesar Alejandro Carrillo,1,https://drive.google.com/file/d/1cSb0tJTqSiV_F18Gh8b0X2tlpRN6YafR/view?usp=drivesdk
300,La Pascua es Hermosa,Rafael Suarez,2,https://drive.google.com/file/d/1EzhS5NoqthDKhThpo5s_EIfCCqUpQjDX/view?usp=drivesdk
301,Aguinaldo,Cesar Alejandro Carrillo,1,https://drive.google.com/file/d/1PvNO-uWg8aX6cuEm-mqOl-m6Y-D-f533/view?usp=drivesdk
302,Der Schmid,Robert Schumann,10,https://drive.google.com/file/d/1FpRO_zZyWTdIzWUdJPo-MjEb3MqlaEix/view?usp=drivesdk
303,Canto de Lavanderas,Grupo Malenche,15,https://drive.google.com/file/d/1fIMq0UXIcjLcb7tpzHVOi2khtC0aHQ8H/view?usp=drivesdk
304,Aguinaldo Carupanero,Rafael Suárez,15,https://drive.google.com/file/d/1dTBUrCEI0TzaWCy4_qR09-ZTuPIAIhEL/view?usp=drivesdk
305,Romance a lo divino,Silvia Einstein,15,https://drive.google.com/file/d/11MX_gPdjeQVJ8mI-2yfJGi_q6ZG-h56v/view?usp=drivesdk
306,Versos del niño,Silvia Einstein,15,https://drive.google.com/file/d/1pChB0QlatWiI8I-htz38qQhpQMzIDbk5/view?usp=drivesdk
307,Cantemos,Gilberto Rebolledo,,https://drive.google.com/file/d/1EOkQ3_Nrobks1aywkb6BuTAo8-nww8u0/view?usp=drivesdk
308,Roll Jordan Roll,R H Gillum,15,https://drive.google.com/file/d/1Bql5FvNI6aTqIAkzIVRfWJbmvAwIEGv3/view?usp=drivesdk
309,My soul's been anchored to the lord,Moses Hogan,5,https://drive.google.com/file/d/16ItBrFrYorlEd-OTAFPJIoh7svA_GFzL/view?usp=drivesdk
310,Aint that good news,William Dawson,10,https://drive.google.com/file/d/1ZzCI3pjxr7Go4QY5me-plivYhUeKBG_2/view?usp=drivesdk
311,Bin Nam Ma,Alberto Grau,25,https://drive.google.com/file/d/1sM_1W5Z5-3DNWvyfaQ_cRpzFtFYiRm0a/view?usp=drivesdk
312,Trois Chansons,Claude Debussy,12,https://drive.google.com/file/d/1VhxjAT5tBgWqGRopQsRIu52u6pOUVBvV/view?usp=drivesdk
313,Le chant des oyseaux,Clement Janequin,3,https://drive.google.com/file/d/18ZxfFvzOfp83Z80UMnG8wsf3XZWi6UqX/view?usp=drivesdk
314,Alma Redemptoris Mater,Javier Busto,15,https://drive.google.com/file/d/1SUzgtGes0qFQqQtZS3vCRsrk7BMsnQnQ/view?usp=drivesdk
315,Water Night,Eric Whitacre,20,https://drive.google.com/file/d/1lZJo9hh0zqQ16oCrxRKcH4ScnhSS9lDW/view?usp=drivesdk
316,Habladurías,Antonio Estevez,2,https://drive.google.com/file/d/1fbjOviByDpzvLx1BSqiuQr7RwpXeE7O4/view?usp=drivesdk
317,El Mencionao,Federico Ruiz,3,https://drive.google.com/file/d/1PVUd-CNRvPr8xbZFBxr5g1whExEqcj_B/view?usp=drivesdk
318,Canto a España,Aldemaro Romero,1,
319,Verlust,Josef Gabriel Rheinberger,15,https://drive.google.com/file/d/1UQdKV4BuYWm7p_yqObbT-tiq38T6vm2y/view?usp=drivesdk
320,Lux Fulgebit,Javier Busto,15,https://drive.google.com/file/d/1ZOkd9eaXJWebctJkM1Edzg7_lvTkq0Hu/view?usp=drivesdk
321,Ave Maria Gratia Plena,Javier Busto,15,https://drive.google.com/file/d/14yORmpjK3XiOTlf6uNjIXc-ErTum1bmu/view?usp=drivesdk
322,Ave Maria,Javier Busto,3,https://drive.google.com/file/d/1jnZcBpXetK0Up0e2HFjdQ0PYu1Y0tYmE/view?usp=drivesdk
323,Laudate Dominum,Juan de Herrera,12,https://drive.google.com/file/d/1Atb8KOGOdRcE_f0zygSBBJ3Xi9mxwME0/view?usp=drivesdk
324,"Esa noche yo baila, A recoger pasiones inhumanas",Anonimo,9,https://drive.google.com/file/d/1Tf_xMZTPiMpGEgQ_sRXuZcGOLOiiaZAM/view?usp=drivesdk
325,Inter Vestibulum,Jose Mauricio Nunes Garcia,12,https://drive.google.com/file/d/1qmf4T8aQNBQ_ezQ3wvUTB8hIhYEhnLPq/view?usp=drivesdk
326,Hanaq Pachap,Anonimo,50,https://drive.google.com/file/d/1dS-SSHKAm2Q2IUQl8qLv0r8_ExIJaIle/view?usp=drivesdk
327,Las Campanas Suenan,Gilberto Rebolledo,5,https://drive.google.com/file/d/1JEXLSYPzNJJXEi9hBUEL02GMSL3BPAvh/view?usp=drivesdk
328,Con esta Parrandita,Modesta Bor,15,https://drive.google.com/file/d/1WA6Iv4EGiruoSyIn88JodSyI72wy666L/view?usp=drivesdk
329,No lloreis mis ojos,Javier Busto,20,https://drive.google.com/file/d/1eADuA7ID7ymeyaOUOVLimh3uL4T41JaN/view?usp=drivesdk
330,Canto del Pilon,Modesta Bor,10,https://drive.google.com/file/d/1-7933zpVGnc-OowWTJWTcdwjKRLwLQdM/view?usp=drivesdk
331,Regina Caeli,Cristobal Morales,10,https://drive.google.com/file/d/1lU6xqXm3wvrPb2D-GDc6ixZ3A0l3rWCA/view?usp=drivesdk
332,Cachita,Conrado Monier,4,https://drive.google.com/file/d/1tNLWVcyUU5QWdbHfz2x8BK_ifb7YBomV/view?usp=drivesdk
333,A ti te cantamos,Cesar Alejandro Carrillo,20,https://drive.google.com/file/d/1wKOq5p5S8_n6F0SaNPxeZo0OOJ9hiqL3/view?usp=drivesdk
334,Alumbra Cocuyito,Cesar Alejandro Carrillo,10,https://drive.google.com/file/d/167p7-YmTHXSBabnOvTJiyN2Cw4l-CK5U/view?usp=drivesdk
335,Maracaibo Mia,Luis Fernando Moncada,3,https://drive.google.com/file/d/1nt8Dtetv8dpVqnQJiGj90APbh3V8Tduv/view?usp=drivesdk
336,Salve Regina (To The Mothers in Brazil),Gunnar Eriksson,3,https://drive.google.com/file/d/1PCwIEk4U4Y1JBHHbNwUEjvE7fcGN8f2e/view?usp=drivesdk
337,-,-,-,
338,Mi querida Torrevieja,Jose F Sanchez,15,https://drive.google.com/file/d/1hROcJ3MGeqtx9qSqPROxUabKhdZ609uM/view?usp=drivesdk
339,Oh Po Little Jesus,Willis Laurence James,20,https://drive.google.com/file/d/1KRNV0KwHcALHRYUOokXOv7rfg4_RX1tZ/view?usp=drivesdk
340,Villanesca,Francisco Guerrero,5,https://drive.google.com/file/d/1Rr4cQeaOzsYKmU3JYv_6Ggrv-RPfAMV9/view?usp=drivesdk
341,El Gallo,Rafael Suárez,1,https://drive.google.com/file/d/1AC5ecxIG3_lsZaYshXj6LRcJDd0mQpvo/view?usp=drivesdk
342,La Cachua,Rafael Suarez,15,https://drive.google.com/file/d/1kj8lVj_uUjbp6E0weC3onah0krj61vHz/view?usp=drivesdk
343,Apure en un Viaje,Genaro Prieto,5,https://drive.google.com/file/d/1ZNDanYFlSIr6NQykyUE6AUyY9vkvvcjG/view?usp=drivesdk
344,Chiquilin de Bachin,Astor Piazzolla,1,https://drive.google.com/file/d/1JmvD-7BTLiQtck_d4JjlthxFwiT7N7r2/view?usp=drivesdk
345,Aqui te amo,Modesta Bor,4,https://drive.google.com/file/d/1aANAegA2QUtx8KwyfKqQPu93PXyaLoci/view?usp=drivesdk
346,Amor de mi Alma,Randall Stroope,4,https://drive.google.com/file/d/1WYeBiaAmu5fKemjOmg1ORA1NZk47bkqh/view?usp=drivesdk
347,Chan Chan,Compay Segundo,6,https://drive.google.com/file/d/123EVn-o9z7Xc45CWTTwPhUNqhQxGCAOs/view?usp=drivesdk
348,Deus Qui Iluminas,Julio Dominguez,8,https://drive.google.com/file/d/1heA7-6lLGX3EfVGwuAg2z7YoJBA4lrCi/view?usp=drivesdk
349,Ametsetan,Javier Busto,4,https://drive.google.com/file/d/1vOKTRB3w5x06GuFQY750hhUVvb-rw4Tq/view?usp=drivesdk
350,Lili Eder Bat,Guillermo Lazcano,10,https://drive.google.com/file/d/18tGjehxQGkBUezhbebXyT0iUUGZEeSoM/view?usp=drivesdk
351,La blanca Paloma,Rafael Suarez,10,https://drive.google.com/file/d/1lms1dEQ_xQnijY_cGWlYUI61YBENfQ2u/view?usp=drivesdk
352,Lil boy chile,William Dawson,10,https://drive.google.com/file/d/1aLzckigSiJq4PZVw-B6TuFQNYCEbBE_1/view?usp=drivesdk
353,Responsorio de Navidad,Javier Busto,20,https://drive.google.com/file/d/1l2RMkuZJPpD3gWsLdnVrhzJBophCezfT/view?usp=drivesdk
354,Salve,Vicente Emilio Sojo,3,https://drive.google.com/file/d/10IaqL7Fg107coZY8Lre9_N10zJ1O2Sba/view?usp=drivesdk
355,Da droben vom berge,Don wiggins,10,https://drive.google.com/file/d/1GlYWY1YpOwYs7jS9M_QOgNxUUHYnOiSH/view?usp=drivesdk
356,Chansons a la Francaise,Rene Berthelot,10,https://drive.google.com/file/d/1-aC4CpHZ9KzX9_AGvAzYas9Hr8BtxO4P/view?usp=drivesdk
357,Ay agüita de mi tierra,Waldo Aranguiz,15,https://drive.google.com/file/d/14BiVsY624Yf-GP803UDAYzoFCUd09M3P/view?usp=drivesdk
358,De todos los caminos,Jesus Rondon,15,https://drive.google.com/file/d/1YOGnv9NnSBpmb_QyrAVvgq2b0szNUwDm/view?usp=drivesdk
359,Naranjitay,Luis Craff,5,https://drive.google.com/file/d/1X2ur9Nan1HwX0Ok5I0qhi4fSsOkBV_lu/view?usp=drivesdk
360,Irunian,Javier Busto,3,https://drive.google.com/file/d/1r8o4bPXRQrX0PzpYy8PjTW2-92p5_VnD/view?usp=drivesdk
361,Canto a Ejido,Roldan Fernandez,10,https://drive.google.com/file/d/1W70av2KSBk2PtDDZ0-YI4sgejXQnFgd9/view?usp=drivesdk
362,Ave verum,William Byrd,,https://drive.google.com/file/d/19cLr7vYa-SzPVm4q6DDzkcl8XmrflAr-/view?usp=drivesdk
363,Oi no colo dela,Isaac Karabtchevsky,15,https://drive.google.com/file/d/1w2QfR4GMjvPbhDg_D8JGFhtTymoKJojD/view?usp=drivesdk
364,O vos omnes,Giovanni Matteo Asola,15,https://drive.google.com/file/d/1U5HeL0K-mEg5QxqP5U2NnbyPpHp1i3qp/view?usp=drivesdk
365,Musica,Jakobus Gallus,5,https://drive.google.com/file/d/1M15DLKYIA4EA7lWucktB2vzr0ls-DtpA/view?usp=drivesdk
366,Misa a Santa Ifigenia,Vicente Emilio Sojo,10,https://drive.google.com/file/d/1hmEvkx_H8NKd-fxCnclXRlCHp71i4TuH/view?usp=drivesdk
367,Himno a Bolivar,Teresa Carreño,20,https://drive.google.com/file/d/1Wjwkgqf7zc6SfRw7stD_VrNtQyijlFdc/view?usp=drivesdk
368,Aclamacion,Roldan Fernandez,30,https://drive.google.com/file/d/1N5F8mMPfMZ_Seq90ci-bN2VPoaEvWBW2/view?usp=drivesdk
369,Canticos de Navidad,Juan Orrego Salas,10,https://drive.google.com/file/d/14mPIpyv2di7HSH5WSaFjxORzBMl2TagX/view?usp=drivesdk
370,Parranda,Anonimo,10,https://drive.google.com/file/d/1jwlcs0NWm2T2G95OSZb0sHBWZoyoIGKy/view?usp=drivesdk
371,La Cabrita,Modesta Bor,8,https://drive.google.com/file/d/1rm0V-zQYo6W27wVKDqkA4nXUaLpngw-s/view?usp=drivesdk
372,Which was the son of,Arvo Part,6,https://drive.google.com/file/d/1ABaJywMJmal9vQsM1pURSDVJeWmVnnaw/view?usp=drivesdk
373,La Mañana Ajena,Modesta Bor,30,https://drive.google.com/file/d/1DxH3GAgGQd9ucXhVDagptTZsGc4LNwwB/view?usp=drivesdk
374,Nostalgia Andina,Cesar Prato,10,https://drive.google.com/file/d/1JlzSNh4XHcgtb1LJ1hGT0zOOSnTQp5ns/view?usp=drivesdk
375,O Magnum Mysterium,Morten Lauridssen,15,https://drive.google.com/file/d/1Eey4i50BAAxwbvgp4QXPVyuMZGq8Rsne/view?usp=drivesdk
376,Es Cual la Violeta,Gilberto Rebolledo,10,https://drive.google.com/file/d/1sbECT7prJxvuzPwJcHIk4rjjBezmvga7/view?usp=drivesdk
377,A tu Regreso,Henry Martinez,5,https://drive.google.com/file/d/1-MvzRQGVppi8wA_9DhckyPZ-G1rW6k1S/view?usp=drivesdk
378,De Corazón,Ilan Chester,6,https://drive.google.com/file/d/11pI_WUHYALtLt8FA4eKOUe5181WS1pFU/view?usp=drivesdk
379,Tula Sizwe,Traditional Zulu,30,https://drive.google.com/file/d/1fdnyka44u-6fgZkpmkkrMbv_uQBzyJWT/view?usp=drivesdk
380,Saudades,Armando Nones,20,https://drive.google.com/file/d/1OZOtzZGgPLlLl_yZVfm3Fv0o3G6oHklC/view?usp=drivesdk
381,Ave Verum Corpus,Trond Kverno,5,https://drive.google.com/file/d/1AKUpFoP0gH9cvLBy-O2ovzT3XXxGHG9k/view?usp=drivesdk
382,Jesu Rex Admirabilis,Palestrina,7,https://drive.google.com/file/d/133YM53vOoB6q7rpWpEQ1yt53QVgenig2/view?usp=drivesdk
383,Cristo Risusciti,Anonimo,8,https://drive.google.com/file/d/13I7vixitTfa70hd_r1OM3MKs2cBs4Zln/view?usp=drivesdk
384,Salseo,Oscar Galian,30,https://drive.google.com/file/d/1NHBwkpyFcsaTFUcHdLBQqTLelnrZ7iy0/view?usp=drivesdk
385,Hush Little Baby,Boby Mcferrin,3,https://drive.google.com/file/d/1_bBIqvoVf5Gjzjq-HgXLtG91CyGPF71s/view?usp=drivesdk
386,Tres Villancicos Caribeños,M García,30,https://drive.google.com/file/d/1F5IE3-mou5jint2eqUYOovTj5xCMa_vR/view?usp=drivesdk
387,Abendlied,Josef Rheinberg,30,https://drive.google.com/file/d/1iqUCdIumMxJwwCb9NN6W8QGpFdcFUtnz/view?usp=drivesdk
388,The Blue Bird,C V Stanford,20,https://drive.google.com/file/d/1_ZQnPsbXorKy0ieTcOPR3AekOVit8Fme/view?usp=drivesdk
389,A la Molina,Aurelio Tello,30,https://drive.google.com/file/d/1ilo16_zJ-UwoM_hIApul1t28k2bhXp-S/view?usp=drivesdk
390,Rabo de Nube,Silvio Rodriguez,40,https://drive.google.com/file/d/1WcgSJFtD-N9IdAYYA7_wcXZFiWmmX7pe/view?usp=drivesdk
391,Milton Ordoñez,,31,https://drive.google.com/file/d/1dBO0DHB9Q5GHCnTijOPM0GuzpWAaxfqS/view?usp=drivesdk
392,Ave Verum Corpus,WA Mozart,14,https://drive.google.com/file/d/1VrsqYtgWM2lv6D_bZP_bD5Q70CnUBjmr/view?usp=drivesdk
393,Ave Maria qué muchacho,Anonimo,30,https://drive.google.com/file/d/16o1ZJE0tri8ywXIgFepOEuFdEkvRR8WU/view?usp=drivesdk
394,Maria Flor de Limon,Luis Fernando Moncada,15,https://drive.google.com/file/d/1w9nFZ2PBXw0iyxqRYvy-fXWc9mDgePvg/view?usp=drivesdk
395,Vaya un Pecado,Otilio Galindez,7,https://drive.google.com/file/d/1toU-Di-cZokjrEVajLvywmcILRJE21G2/view?usp=drivesdk
396,Hijo de la luna,Gregory Pino,,https://drive.google.com/file/d/14PrsB0LsjwOV40IuG3NZPp1R8owZ_Gux/view?usp=drivesdk
397,Somebody to Love,Gregory Pino,,
398,Y se quedarán los pájaros cantando,Maria Guinand,20,https://drive.google.com/file/d/1HhmTnZyGizjma_G_LlPWyBaDSkJGoXxB/view?usp=drivesdk
399,Dirait on,Morten Johannes Lauridsen,7,https://drive.google.com/file/d/1KLWZsKbF1yievYh-cumVduZJxM3feArQ/view?usp=drivesdk
400,Jamaican Marketplace,Larry Farrow,33,https://drive.google.com/file/d/1X_BOmfqhxqf0f2sBOP815272FS7GWlPt/view?usp=drivesdk
401,Nitida Stella,Marco Gemmani,22,https://drive.google.com/file/d/16PfEVzl9OmEy0m_fpTXchQgz-sDtBt8R/view?usp=drivesdk
402,El niño del Mar,Lena Sánchez Bor,35,https://drive.google.com/file/d/19zqcLHfnJOZZ_3GeoODT91dKkmb6Nh_A/view?usp=drivesdk
403,Puer Natus,Giuseppe Mignemi,25,https://drive.google.com/file/d/1OhZBlpGhrLiB2n_303jzJyN4nU6oUnNd/view?usp=drivesdk
404,Niño rey,Yaniel Fernández Aguila,30,https://drive.google.com/file/d/165ETuygY84xnYLBssRguMIGZWeCVg1Dd/view?usp=drivesdk
405,Rap,Andre Protasio,25,https://drive.google.com/file/d/1FYT2liqCdxIV32TLCOmOqtHSIRjXm885/view?usp=drivesdk
406,Presagio,Cesar Alejandro Carrillo,25,https://drive.google.com/file/d/1QSLiA5L9OlVLs64-k9ddwEKtu7nJAF9x/view?usp=drivesdk
407,Viene la Recluta,Gilberto Rebolledo,20,https://drive.google.com/file/d/12MeILxVsM9KBFOdgkklSywGTiQwtyuoA/view?usp=drivesdk
408,Solo de Guitarra,Beatriz Corona,,https://drive.google.com/file/d/16GAbKMuFyHqdPk3Z26Y2wjm5BwdXZtCL/view?usp=drivesdk
409,La vieja chacarera trunca,Claudio F San Severino,25,https://drive.google.com/file/d/1tFjYyQlAupVyA4Qsvdl-6dbcj7_k3gde/view?usp=drivesdk
410,Lady Madonna,Gregory Pino,1,https://drive.google.com/file/d/1iRKZAJfviOXJyiPvtBWnFoDc3gnmQXZr/view?usp=drivesdk
411,Ubi Caritas,Maurice Durufle,25,https://drive.google.com/file/d/1nnetaZBImQVHWWQFUZ0GHUPhiPqfQIwP/view?usp=drivesdk
412,Los grifiñafitos,"Henry Martinez, Oswaldo Aquique",30,https://drive.google.com/file/d/11wNhpW2NLqmPGw0PPAknSNUpyQ9Yr3ox/view?usp=drivesdk
413,Como el Mar,"Gustavo Adolfo Bequer, Alberto Carrera",25,https://drive.google.com/file/d/1xfjA-OKqOZPRODbZTEA7CYE8GUMB0FVA/view?usp=drivesdk
414,Nginisiponono,Johan van der Sandt,25,https://drive.google.com/file/d/154G6zROOkl8vgtca0-tAy5B5N6i68GsH/view?usp=drivesdk
415,Doña Ubenza,Liliana Cangiano,25,https://drive.google.com/file/d/1HQbTkmEK_pZ9xM83vzNhyuYobbcL6YMP/view?usp=drivesdk
416,Nerea Izango Zen,Javier Busto,40,https://drive.google.com/file/d/1XQh4jwMv7BC6JD1sDFLQBCRvGJmvVwcb/view?usp=drivesdk
417,Agur Maria (Ave Maria),Javier Busto,15,https://drive.google.com/file/d/1b497bWZW-uI2LMtmHeY81vnq77WkLrk-/view?usp=drivesdk
418,Misa Breve,Andres H Barrios G,15,https://drive.google.com/file/d/1kXGxgtTbOFyabwWo-aTKRJds_vtTcZzB/view?usp=drivesdk
419,Nordwind,Josef Rheinberg,35,https://drive.google.com/file/d/12HL-_41g3WD4stjOj7K_aKEwpnikTIQZ/view?usp=drivesdk
420,Danzante del Desterrado,Gerardo Guevara,35,https://drive.google.com/file/d/1PEBWh-ewyj-d2AVgF-bqXwby2yXOn0YR/view?usp=drivesdk
421,Con el Vito,Manuel Massoti Littel,39,https://drive.google.com/file/d/16QnTlyfsx_KxXN5_Obr8aSLDGcasfNlT/view?usp=drivesdk
422,Praça Clovis,"Paulo Vanzolini, Samuel Kerr",30,https://drive.google.com/file/d/1bhU1akZrTXaZ0jrHYoZrKgJEziKzrOZi/view?usp=drivesdk
423,Pinga con Limao,Wagner Franklin,,https://drive.google.com/file/d/1cdsa-aehx-DlAcuW8f6IbqV1uO1AOXQ6/view?usp=drivesdk
424,Hey Motswala,Mike Brewer,5,https://drive.google.com/file/d/1HzPFhE82CeeSg37jgYHOIPn5u0tQSRsX/view?usp=drivesdk
425,Ave Verum Corpus,Imant Raminsh,14,https://drive.google.com/file/d/1q06lSS5YfpoP9Bb8W6glq5rrZ67xa4LM/view?usp=drivesdk
426,His Rest,"Giles Farnaby, K Lee Scott",18,https://drive.google.com/file/d/1jyqLo9MTESw8SEJKNFiAX1hWqMEaK77x/view?usp=drivesdk
427,El Angel tuvo Razón,"Antonio Lauro, Efrain Arteaga",20,https://drive.google.com/file/d/1RU7uLzx9FNxsmei-qbncvCskxukX-kM2/view?usp=drivesdk
428,La restinga,Otilio Galindez,8,https://drive.google.com/file/d/1F6SazlaS17T_mObtHbUwvSzrgD708rN_/view?usp=drivesdk
429,Now Let us all with one accord,"Girolamo Conversi, K Lee Scott",18,https://drive.google.com/file/d/12ntFMygsgznvRG21bPTolRnZlr6zrtRX/view?usp=drivesdk
430,El Tramao,"Luis Laguna, Miguel Astor",10,https://drive.google.com/file/d/1Kl2jT2gwlWONwpokJ2Ci5uGVZmgTlW9C/view?usp=drivesdk
431,Il mio bel Foco,Benedetto Marcello,,https://drive.google.com/file/d/1Qca_c47OUuYl11FgmjucGZ32fdUypHer/view?usp=drivesdk
432,Karimatanu Kuicha,Ko Matsushita,12,https://drive.google.com/file/d/1xtXHlEd0BjH8AFzVRStVGDshT7JG7nzs/view?usp=drivesdk
433,Cantate Domino,Javier Busto,25,https://drive.google.com/file/d/1NQsMhDJBHXfNBhWY0h2UiLUH9FYZZRu6/view?usp=drivesdk
434,Misa C Dur,WA Mozart,2,https://drive.google.com/file/d/1k30OTz9T0P2oME94eD-HlCv9lDS5kK2n/view?usp=drivesdk
435,O Magnum Mysterium,Pedro de Cristo,14,https://drive.google.com/file/d/1WtYlmkX1wgBqlbeAZh3_s9kvnCC84sl0/view?usp=drivesdk
436,Precioso Querube,"Miguel Angel Bosch, Lena Sánchez Bor",12,https://drive.google.com/file/d/1oRU0KS-XKLjHvWb-5xF6scLyN0TQsgyu/view?usp=drivesdk
437,Voi Che Sapete,WA Mozart,4,https://drive.google.com/file/d/1YOR8Ga8e7Og3oIillP_qxNVvVpjkBf1F/view?usp=drivesdk
438,Yes Indeed,Jacques Morelembaum,20,https://drive.google.com/file/d/1FkIEN8s-1rf-ygrpi1oiQikmVDcYX_Ar/view?usp=drivesdk
439,Ojala que llueva Cafe,"Juan Luis Guerra, Ivan Cordero Mueses",24,https://drive.google.com/file/d/1HLOT3DD8IjG8hdoemt92pc3uoluphsrX/view?usp=drivesdk
440,Pater Noster,Nikolai Kedrov,8,https://drive.google.com/file/d/1_A9I1idNMvtI9fpwZDbXw2NEPg_UkDft/view?usp=drivesdk
441,La grey Zuliana,"Ricardo Aguirre, Oscar Galian",25,https://drive.google.com/file/d/17WTLZNR8m6i_0TaYrSjgATTMuYAc5CEI/view?usp=drivesdk
442,Hes the Lily of the Valley,Alice Parker,18,https://drive.google.com/file/d/1YQhWfGsrneq0jiCICgPz8tR29lY3pL0u/view?usp=drivesdk
443,El niño anunciado,"Pedro Lavie, Gilberto Rebolledo",35,https://drive.google.com/file/d/1yAcSH71GmXVyO25wRyuYIuFgm9jiBvtF/view?usp=drivesdk
444,Precioso Niñito,"Rigoberto Arellano Marquez, Engelberth Arellano",25,https://drive.google.com/file/d/18rSJILtexAR59ekRez5LCsBQGuxorKGL/view?usp=drivesdk
445,Aguinaldo Refraniao,"Lucia Piñango, Moises Mata",15,https://drive.google.com/file/d/1e8dVcsEk3MmqYvM9fbTZ3Pe6NThfI-0p/view?usp=drivesdk
446,Canto Navideño,Miguel Delgado Estevez,24,https://drive.google.com/file/d/1TERk9WwlxEhOdNvfcS4pd-cZ_Sm5Qmmt/view?usp=drivesdk
447,Hodie Christus Natus est,Javier Busto,10,https://drive.google.com/file/d/1TJIPJJAx-CULbyV1a_6GrVYj2Iywja-Q/view?usp=drivesdk
448,Alleluia del Vallecito,Javier Busto,20,https://drive.google.com/file/d/1XHfhwrrzrb6j1h25PlL0-dhNDXu5sq0A/view?usp=drivesdk
449,Villancico Modal,Eduardo Plaza Alfonso,40,https://drive.google.com/file/d/1tc6eGr6pg_JNykrfKjE6C8tCWrHjNBEu/view?usp=drivesdk
450,Frühlingsblick,Max Reger,20,https://drive.google.com/file/d/1kmEVmNmeXLwQ-atO9cU5ubt1-ImYABX-/view?usp=drivesdk
451,Purisima,"Rafael Izaza, Cesar Alejandro Carrillo",40,https://drive.google.com/file/d/1l2efI06aoxmvug9DD3O7VBPK93X__9g9/view?usp=drivesdk
452,Acalanto para o Menino Jesus,Ernani Aguiar,30,https://drive.google.com/file/d/1qR-Rys_g8lr8yRFO9DNakvZNxZVd1j7R/view?usp=drivesdk
453,Krismas dodzi vo,Robert M Kwami,15,https://drive.google.com/file/d/1qSZWFbUBtRxFNDztHUSeEA0TWHvltcte/view?usp=drivesdk
454,Que le pasa a esa mujer,"Juan Almeida, Conrado Monier",10,https://drive.google.com/file/d/1LQiwO-mE_e1OLlKhVwEJbKCzAEy2qj_W/view?usp=drivesdk
455,Kuttun Kantak,Javier Busto,27,https://drive.google.com/file/d/1nSC275ElsFWo7-ARQ-t7XszYLInhwUh-/view?usp=drivesdk
456,Glory Glory Glory to the newborn king,Moses Hogan,9,https://drive.google.com/file/d/1VOiO1iXPVo-iBYwR4XTm9Cr0WqbptG7O/view?usp=drivesdk
457,Llega la navidad,"Ramon Diaz, Juan Tony Guzman",26,https://drive.google.com/file/d/1qWuG10WrP-M0bct7pyd2q7nYJwZfFMjZ/view?usp=drivesdk
458,Ave Maria,Antonio Estevez,4,https://drive.google.com/file/d/1i1Cpb_j3IRbThzFre24fEUHgbNglx_Jo/view?usp=drivesdk
459,Cantate Domino,Claudio Monteverdi,15,https://drive.google.com/file/d/1dnSQwm2rAt7vN0joetxFj559Ni6Gz6dQ/view?usp=drivesdk
460,Veni,Knut Nystedt,2,
461,El Ausente,Carmen Ortiz,7,https://drive.google.com/file/d/1O7fcVrNEmZoIVDa5breySXUcpzekDc8_/view?usp=drivesdk
462,Sambaele,David Machado,15,https://drive.google.com/file/d/1XnwS3c13PCu2hmcbirtTSZIh9xmMYSmz/view?usp=drivesdk
463,I Will sing with the spirit,John Rutter,10,https://drive.google.com/file/d/1t486bqD0ABX7WE_XXuuXABQu37PnPr9o/view?usp=drivesdk
464,Noel Ayisyen,Emile Desamours,8,https://drive.google.com/file/d/1ODlsuh372D8J0hNbz9FYI7LEQGiuZWMK/view?usp=drivesdk
465,Mancha de la Creacion,"Georg Friedrich Haendel, Mario Baeza",7,https://drive.google.com/file/d/1nJ4rk1sLXCb2YamgFHg6H2aFneuDvF-7/view?usp=drivesdk
466,-,-,-,
467,Canteme,"Silvio Rodríguez, Beatriz Corona",20,https://drive.google.com/file/d/1AOMucKTwqbKsZoju2XzasYtgB2gNuMFY/view?usp=drivesdk
468,Ave Maria,Franz Biebl,9,https://drive.google.com/file/d/1PdGyMoCHGNmsvA4XgEmXRhF2ydYQ53qo/view?usp=drivesdk
469,Tonada Llanera,"Alberto Arvelo Torrealba, Antonio Estevez",14,https://drive.google.com/file/d/1dEcuB2v9alKiLfWzWk7zAPZig3gUYUWG/view?usp=drivesdk
470,Tres Cantos Andinos,Dante Andreo,17,https://drive.google.com/file/d/1EE6V0JiZj23N9zy2SQCqyE6os58j3VOO/view?usp=drivesdk
471,Ave Virgo Sanctissima,Francisco Guerrero,12,https://drive.google.com/file/d/1daLCCPE4pxTuQFBsv1QOQiDOo1AJzpTR/view?usp=drivesdk
472,Que Chula es Puebla,Rafael Hernandez,3,https://drive.google.com/file/d/1aANGSAOhOGuUFHVVm4Zb4onX1clT_SBJ/view?usp=drivesdk
473,Cielito Lindo,Ramon Noble,5,https://drive.google.com/file/d/1hDZvLoI99QmD2aJkl-tPEmHKiTkVskaS/view?usp=drivesdk
474,Lo eta Dantza,Javier Busto,11,https://drive.google.com/file/d/1Gj5npRYpOjwKfTwpmiurBEEJvvKk4D7v/view?usp=drivesdk
475,Esplendido Sol,"Maria Rodriguez, Jose Geraldo Arrieche",8,https://drive.google.com/file/d/1DT5bR6MyYNVeS12cjLQ9pMngfl9agiq-/view?usp=drivesdk
476,O sacrum Convivium,Tomas Luis de Victoria,1,https://drive.google.com/file/d/1kMYSPQOMStJW_5K_K_rA8Ws3W4pydML7/view?usp=drivesdk
477,O crux,Knut Nystedt,13,https://drive.google.com/file/d/1TbjXQb5FcIsmBvvjpGZmAJeV7s8kT8Pd/view?usp=drivesdk
478,Ave Maria,Tomas Luis de Victoria,7,https://drive.google.com/file/d/1muTjnKK3WRmktipjUN9flnyvtbDcBXAW/view?usp=drivesdk
479,Ave Maria,Juan E Martini,17,https://drive.google.com/file/d/1jZF8tcDbK-7TzJXUh3IjrOL_Oz6DY6Bl/view?usp=drivesdk
480,Sure on this Shining Night,Morten Lauridssen,11,https://drive.google.com/file/d/1GXjyX0N_RzU6ppxuSK6a1spF25-jWe1P/view?usp=drivesdk
481,Victimae Paschali Laudes,Javier Busto,10,https://drive.google.com/file/d/1Z23fGmSSzdXgCij0R2L-Ke92FZTBL-Ld/view?usp=drivesdk
482,The Battle of Jericho,Moses Hogan,13,https://drive.google.com/file/d/1o6rrzOxKkOBNdh9WWqDxkrbdaNUkLPU-/view?usp=drivesdk
483,De Oriente Venimos,Rafael Suarez,1,https://drive.google.com/file/d/15oybCuzVDt0ZIJ9nCGN7Iclzq8z-HhOJ/view?usp=drivesdk
484,Los Peces en el Rio,Juan Manuel Hernández,7,https://drive.google.com/file/d/1t4PKlmgFFINqpH8rqu8hnvZzlPcKOUWi/view?usp=drivesdk
485,I hear a voice a prayin,Houston Bright,5,https://drive.google.com/file/d/1eZwoHcCpNNJIHxEhsrliorwlnWia4Jf6/view?usp=drivesdk
486,Quien Fuera,"Silvio Rodríguez, Yaniel Fernandez",7,https://drive.google.com/file/d/1ZP2yuiAlDkoDwLbv-SL4Ak-TlP59_lF5/view?usp=drivesdk
487,Abranme la Puerta,Modesta Bor,,https://drive.google.com/file/d/1NCT75qJm9GNSujcLedL75SiPtMo-Ccq6/view?usp=drivesdk
488,Mi niño Jesús,"Lucia Piñango, Moises Mata",25,https://drive.google.com/file/d/1qfUVU6H6Oyy-v-3IQhTSJP0udx4Luvih/view?usp=drivesdk
489,Misty,Kirby Shaw,17,https://drive.google.com/file/d/1GKT1Dbx_1fjwUwMU2bi0ECQn40si7xBE/view?usp=drivesdk
490,Ubi Caritas,Ola Gjeilo,,https://drive.google.com/file/d/1uKzgoJk_49Py39z_BwZegCOTFXKV2XdK/view?usp=drivesdk
491,Berimbau,"Arlindo Texeira, Jose Geraldo Arrieche",16,https://drive.google.com/file/d/1pGJoIlwMjus1dxZhvI-LA5kStlKCmk6d/view?usp=drivesdk
492,Brillará una estrella,"Jesus Morillo, Jose Geraldo Arrieche",20,https://drive.google.com/file/d/1l62mQk6mbh_B7wZ-2kG0Is_5-1QoexDN/view?usp=drivesdk
493,Cantate Domino,Josu Elberdin,7,https://drive.google.com/file/d/1Z7z537D5vDz2owXfrFProOMVAaFSGEKd/view?usp=drivesdk
494,Lumen,"Liber Usualis, Armando Nones",6,https://drive.google.com/file/d/1zOJPFa5weR3h4Q_dqLdlUcM6Ydi2D5pg/view?usp=drivesdk
495,Es Por Tradición,Pastor Giménez Ortega,11,https://drive.google.com/file/d/1lvyRk1nWV5ofzKRYmcYmzP0o9WQUJ0AT/view?usp=drivesdk
496,Aguinaldo Indigena,Gonzalo Castellanos,10,https://drive.google.com/file/d/1gLm9kHnVpxQZ4Jw73oepEhutbDJuKo9s/view?usp=drivesdk
497,Maria Maria,"Milton Nascimento, Damiano Cozzella",3,https://drive.google.com/file/d/1IYX1lSYKJwxeLmvCB8WbsKzatjt6sJ2k/view?usp=drivesdk
498,Laudate Dominum,Julio Dominguez,35,https://drive.google.com/file/d/1bGlbmCTq3u3F8VwkRXJ-a9m2K55xGFTk/view?usp=drivesdk
499,El Niño,Rucaneo del Mabil,10,https://drive.google.com/file/d/1uGPmFAK8AcFIuzTJdOBXq1TZWHOFByA7/view?usp=drivesdk
500,A tu Lado,Javier Busto,,https://drive.google.com/file/d/1nJrY3vn13xnSyLsjpiqsrNySQOF-pUti/view?usp=drivesdk
501,El Rio,Modesta Bor,,https://drive.google.com/file/d/19lOlpF84B8nFqjzc5aDlTX0G5DrpGALp/view?usp=drivesdk
502,Tunggare,Stephen Leek,7,https://drive.google.com/file/d/1lpbp-Nryuk5NQhNmuvkELSpMWMjxjOJ-/view?usp=drivesdk
503,Ni na Ni na,Miguel Astor,7,https://drive.google.com/file/d/13E99rw3eIOnhRMQWX1IdPm_Dqlh13VaM/view?usp=drivesdk
504,-,-,-,
505,I surrexit Christus,Urmas Sisask,15,https://drive.google.com/file/d/1_GbfrEFF8BeByZRGOCWNz3Ju1XTLAg-q/view?usp=drivesdk
506,Comida,"Titas, Wagner Franklin",3,https://drive.google.com/file/d/1VqInTvXkrBoos_t-T1KsA7W7Xn36Lt08/view?usp=drivesdk
507,Chiclete com banana,"Gordurinha, Tom K",12,https://drive.google.com/file/d/11HhS5ItAcneKvyhugerlLu6USnJHCTX8/view?usp=drivesdk
508,Señora Santa Lucia,Luis Eduardo Galian,2,https://drive.google.com/file/d/1V9qGzY0wCLqYJq15952xfHGycHl0joyM/view?usp=drivesdk
509,El Negro Feliz,"Jose L Sosa, Jose M Joa",13,https://drive.google.com/file/d/1mpj7auN6F33xexWQjhEEHL8K1lJwGSJn/view?usp=drivesdk
510,A la virgen,Rafael Izasa,20,https://drive.google.com/file/d/1tQjTfkI6NjD730MhKN2sLqeJxHjnKPbw/view?usp=drivesdk
511,Al Nacimiento de Cristo Nuestro Señor,Antonio Estevez,20,https://drive.google.com/file/d/1bNQWcpO4z2Au3R-75tKKSZl7Zm6OZDKE/view?usp=drivesdk
512,Aire de Jaicoa,Pablo Fernández Badillo,20,https://drive.google.com/file/d/1yeWr-trJuW2RML2yxatVMbOT1RBcw_4E/view?usp=drivesdk
513,Cancion de Cuna,Vicente Emilio Sojo,14,https://drive.google.com/file/d/1yECRib7QslZvdLVwS8z0yaDBgbFQpzEj/view?usp=drivesdk
514,Adoramus te Christe,WA Mozart,20,https://drive.google.com/file/d/19JhtXFCOCr1BFsPhoFxuQflBPL2rE-FT/view?usp=drivesdk
515,Quieres Contar mis Estrellas,Miguel Delgado E,8,https://drive.google.com/file/d/1YIVUkB56y0_K6qJv_jjV2q_cb7QUZPsY/view?usp=drivesdk
516,Prende la Vela,Alberto Cabarsi,10,https://drive.google.com/file/d/1b7XG-hMy_r83UzgJoundSRU6dfGv5a1Y/view?usp=drivesdk
517,Luminoso Oriente,Rafael Izaza,20,https://drive.google.com/file/d/1s88h1jWOmYyLAlgvSjy9eMqvGYhqOhvY/view?usp=drivesdk
518,Adios Maripositas,E Castellanos,4,https://drive.google.com/file/d/1buqVJ-75GjDXucntPH4NDT1P75cLiKkp/view?usp=drivesdk
519,Zapatitos de Lluvia,Vicente Emilio Sojo,5,https://drive.google.com/file/d/1eD-GehmhZ-fDsX5YzKHjxnMEp4zrbtUD/view?usp=drivesdk
520,Pesame A la Virgen,Juan José Landaeta,13,https://drive.google.com/file/d/1bU1eLPNXFH8SOzXw-xLM7EorMyL4U3nP/view?usp=drivesdk
521,Patatin Patatan,Modesta Bor,12,https://drive.google.com/file/d/12RIfd6WGh12RfrJsVfWxaXqxBxkE0DEp/view?usp=drivesdk
522,Chi la Gagliarda Donne Vo Imparare,Baldassare Donato,14,https://drive.google.com/file/d/1DAl8TnDz4BI-QtwgQANpd-uvBYGQH9i4/view?usp=drivesdk
523,Por un camino Arenoso,Modesta Bor,20,https://drive.google.com/file/d/1kJwiz2oqZ2dbptBrqInb_UyXR5Z6U2O5/view?usp=drivesdk
524,Canto a Colombia,"Hildebrando Rodríguez, Pablo Tarazona",14,https://drive.google.com/file/d/1epdooyEc1ZrcpbtAnh7ViayfvLIrrSOc/view?usp=drivesdk
525,Hay Luces entre los arboles,Vicente Emilio Sojo,6,https://drive.google.com/file/d/1WFNMoSVYFMqYfDBz2z_btVuu_mqaJPPV/view?usp=drivesdk
526,Dies Irae,Alberto Grau,13,https://drive.google.com/file/d/1TM2-WC9rjJRnsEyQ8g3XHu04KjbrO-kk/view?usp=drivesdk
527,Hit the Road Jack,"Ray Charles, Laura Cruz",12,https://drive.google.com/file/d/1l1CIZaY1dgm5VlAAQ3XV8chkNmanlsR_/view?usp=drivesdk
528,-,-,-,
529,Cancion de la Sabana,Inocente Carreño,11,https://drive.google.com/file/d/1O1KwaXqMLSRCxxEFFWgFZVE1UaWKXj_A/view?usp=drivesdk
530,Dejame Amar tus ojos claros,Inocente Carreño,10,https://drive.google.com/file/d/1G174LIfWu0D60g2aQ243n1KNJlwtfCl4/view?usp=drivesdk
531,Señor Ten Piedad,Moises Mata,19,https://drive.google.com/file/d/1bYxoPmf4ayiH5tiajZTow120TL7_eyEL/view?usp=drivesdk
532,La Bella del Tamunangue,Rafael Suarez,12,https://drive.google.com/file/d/1jkatNs5r_WjmJ0zm7B_VMkfNqT1TmMQt/view?usp=drivesdk
533,Stabat Mater Dolorosa,Urmas Sisask,9,https://drive.google.com/file/d/1SLxCHjqsbtsVFsUcfyaLHSYzX95OAWBQ/view?usp=drivesdk
534,Omnis Una,Urmas Sisask,7,https://drive.google.com/file/d/1aDWRbebH0JomtzLBJGCvC7PfaxC7EZcM/view?usp=drivesdk
535,Vivire para ti,"Amigos Invisibles, Gilberto Rebolledo",3,https://drive.google.com/file/d/1NaXClusP50GO22DCWEI40G5cuc0LsjtR/view?usp=drivesdk
536,La Mañana de San Juan,Luis E Aponte Lartiguez,4,https://drive.google.com/file/d/1TjVfaEqBvVXhg5exoK9rJ405spyvsN0e/view?usp=drivesdk
537,Ave Maria,Ralph Hoffmann,22,https://drive.google.com/file/d/1VxhiKGLiXPxaax8tFvOUd4cF1J9AeKZ3/view?usp=drivesdk
538,Venid Adoremos,"Luis Manuel Gutierrez, Modesta Bor",11,https://drive.google.com/file/d/13yZG_fJudSkUIHKvgLRe_jkaK3LKMtqV/view?usp=drivesdk
539,Sin Vinos ni hallacas,"Fernando Rodriguez, Modesta Bor",10,https://drive.google.com/file/d/1dBW1W2iqm-hbef9FF5kPrzh0fzv0L6Ih/view?usp=drivesdk
540,Cantemos en Nochebuena,"Modesta Bor, Gilberto Rebolledo",6,https://drive.google.com/file/d/1_1mNaOQrkjtUJyYelTvHwcq7Jc6X6gab/view?usp=drivesdk
541,El Niño Jesus,Modesta Bor,30,https://drive.google.com/file/d/1KreXGFXSY9aSGfQNIG6OGtwV-ODKQa6G/view?usp=drivesdk
542,Cuando el niño nace,Gilberto Rebolledo,3,https://drive.google.com/file/d/1s4S80XF-9CEAh3KanCzuBmcfoaXGuZit/view?usp=drivesdk
543,Canto de Paradura del Niño Jesus,Folklore,20,https://drive.google.com/file/d/1_WHuVwMQrdp0cWI6c22fICn9X8rWKWZZ/view?usp=drivesdk
544,Ya viene el Niño,"Jeremias Quintero, Leoncio Ontiveros",5,https://drive.google.com/file/d/1JVeBKrraFnlUImqLApKAzastraBtBEr9/view?usp=drivesdk
545,Los Tres Reyes,Antonio Estevez,18,https://drive.google.com/file/d/15dNgArJAjZ4MY0O33vKUbDd5K9hiQOfH/view?usp=drivesdk
546,El niño criollo,"Luis Morales Bance, Modesta Bor",9,https://drive.google.com/file/d/10J3pCqzmhjYajFDLL3XTEETSqfop0yvg/view?usp=drivesdk
547,La Jornada,Modesta Bor,11,https://drive.google.com/file/d/1x9YqoFqvlNEzr_dhwuEb9nuP_1i9x2J2/view?usp=drivesdk
548,O lux beata trinita,Ko Matsushita,8,https://drive.google.com/file/d/1Ues9NIHnLKqInHLEJG00QX-NyCtC-E2_/view?usp=drivesdk
549,Nox Aurumque,Eric Whitacre,7,https://drive.google.com/file/d/11drkQL9cAc6aOd4Gm35-l7qxa26mHshW/view?usp=drivesdk
550,Quinta Anauco,Aldemaro Romero,6,https://drive.google.com/file/d/1Ms0GZSKjsx3gxK0bF5EYMzgXaiAc361J/view?usp=drivesdk
551,Canción Mixteca,Ramon Noble,,https://drive.google.com/file/d/1qXVZKWilrZRMHQ2Yzk29URRfMFe7dk3w/view?usp=drivesdk
552,El Portal,Vicente Emilio Sojo,5,https://drive.google.com/file/d/1nV7t-eivQbTdnIjPAH9UyftoOarlGo4R/view?usp=drivesdk
553,Agua de tu rio,"Jesus Rondon, Jose Geraldo Arrieche",12,https://drive.google.com/file/d/1YEHmzrkxo4KcqcKc69XYvOweM2auATav/view?usp=drivesdk
554,Song of Praise,Knut Nysted,12,https://drive.google.com/file/d/1dmPPUDgPTFRXzt-48aEZqElh-IYPMtBX/view?usp=drivesdk
555,Canto Arena,"Silvio Rodriguez, Rene Baños",11,https://drive.google.com/file/d/1rrY_vonHjMomzMg9r2fPdqXrvpypCcPS/view?usp=drivesdk
556,Perdona Vecino,"Carlos Grimaldo, Gilberto Rebolledo",35,https://drive.google.com/file/d/1LlTjwote3gqnA1EvMBMAqZisXmXNL7MT/view?usp=drivesdk
557,Izar Ederra,Javier Busto,3,https://drive.google.com/file/d/1k-S90gkw_tdg9g9MuUvN5aC5m0NZWIsU/view?usp=drivesdk
558,Recordando a José Barros,Jose Barros,8,https://drive.google.com/file/d/18Sr0cz_Tig0OlE_v03U4D6wh5x4shTjX/view?usp=drivesdk
559,Misa brevis in G op 151,Josef Gabriel Rheinberg,14,https://drive.google.com/file/d/1rKkDVDEhCWIG3OIc1ZTKnSYuCvxqdLkY/view?usp=drivesdk
560,Cantate Domino,Hans Leo Hassler,18,https://drive.google.com/file/d/1O2kfPoHLM1RKzdi4KZGejQ3_6EqBOKFT/view?usp=drivesdk
561,Good News,Wolfgang Kelber,45,https://drive.google.com/file/d/1Uan23DKEhTHd1cwxo4Vn6obBreliN2ve/view?usp=drivesdk
562,Cantos Al Niño Dios,"Jose Delgado, Albert Hernandez",10,https://drive.google.com/file/d/1-vWsKBT50lmFG9Y6OFEVvxzLYcGWG_bM/view?usp=drivesdk
563,Y la Mar Serena,"Jesus Rondon, Moises Mata",32,https://drive.google.com/file/d/1XJaS9ds6KfJnq46pT6tb4sAtT_5GLs9e/view?usp=drivesdk
564,El Mochuelo,Edgar Andrés Paez Gabriunas,9,https://drive.google.com/file/d/1H_N51BGggOkhjXBFyrZDsZNJQ8vzpGjm/view?usp=drivesdk
565,Hush Somebody's Calling My name,Brazeal W Dennard,30,https://drive.google.com/file/d/1s8DFlUJGfZzLchV4h2emWraIMMZ6Umz0/view?usp=drivesdk
566,Crepuscular,Antonio Lauro,6,https://drive.google.com/file/d/1g65b-wsMVL7lruRTQLbg6xF0z53qxom8/view?usp=drivesdk
567,Requiem,"Silvio Rodriguez, Octavio Marin",20,https://drive.google.com/file/d/1GKhYaunIPugEjDUXJZ9fVHFaiSoBbRx1/view?usp=drivesdk
568,My Lord What a Morning,Michael Gohl,8,https://drive.google.com/file/d/1K2akuZ72VYeOC6Q0Ks-KThUDOes_Kfyz/view?usp=drivesdk
569,Parranda en Navidad,"Nelson Diaz Gomez, Luis Fernando Moncada",35,https://drive.google.com/file/d/1qGRuXwJ1Ox6mDjrEMG5GMTk60dlrBMlX/view?usp=drivesdk
570,Quirpa Guatireña,"Vicente Emilio Sojo, Gilberto Rebolledo",20,https://drive.google.com/file/d/1BoOcS7irD1f6JXHTjtGk3TXULMn0yjY7/view?usp=drivesdk
571,Ev'ry Time I feel the Spirit,Moses Hogan,24,https://drive.google.com/file/d/13WnAwkXdCekjQ3jCIKnWWZJp42Ukxgza/view?usp=drivesdk
572,Feijoada Completa,"Chico Buarque, Andre Protasio",3,https://drive.google.com/file/d/1l4w5Uw8TlEnfKW0JClv_N3b4O2IP8P7Y/view?usp=drivesdk
573,Ave Maria,David Basen,13,https://drive.google.com/file/d/1YxC8Ct32L3PnqWsTo7-v-6keFphbVSH5/view?usp=drivesdk
574,Playas de San Luis,"Eduardo Serrano, Modesta Bor",12,https://drive.google.com/file/d/1m9Va4iytbGXT-BJ6GrtQyKiTz_c8jEPV/view?usp=drivesdk
575,Cancion de Esperanza,"Eduardo Serrano, Miguel Angel Santaella",14,https://drive.google.com/file/d/1iHL8MIuh-ZSXp3qmHaBKII2jYkvtcKJI/view?usp=drivesdk
576,Juangriego Nueva Esparta,"Manuel Gutierrez, Modesta Bor",,https://drive.google.com/file/d/1S0hYvxQYpEe-KA1VsmZa-DmIEfYPF8eF/view?usp=drivesdk
577,Alma Llanera,"Pedro Elias Gutierrez, A Sauce, JA Rincon",2,https://drive.google.com/file/d/1YG3G_nnCkhXu9SQObTN18aCm8CNs8S1L/view?usp=drivesdk
578,Alleluia,Randall Thompson,10,https://drive.google.com/file/d/1i1S2eTUrSYApoXnDM9bmn-6ICf8_g_Xu/view?usp=drivesdk
579,La cruda mia nemica,Palestrina,18,https://drive.google.com/file/d/1lh9GTDlil1oc8AQF_fUt3alUgrB9Tu08/view?usp=drivesdk
580,Por el Mar,Manuel Moreno Buendia,4,https://drive.google.com/file/d/1K8Tqv5ZkhAGAmUsJKR3doTSBAwsaui3e/view?usp=drivesdk
581,Cochero Pare,"Jesus Guerra, Conrado Monier",17,https://drive.google.com/file/d/11gjHLgqW6rsFVmszV30P63Q3fr7UwKPG/view?usp=drivesdk
582,Son Tus Ojos,Ricardo Lafuente,4,https://drive.google.com/file/d/12_PDbe2bXnnlvzjWKBeWAWIEQGl0ZaFu/view?usp=drivesdk
583,La Chaparrita,Rafael Suárez,2,https://drive.google.com/file/d/1GtWFiJ-ITAdsLTKnitZ_Ze9dj0bxuckS/view?usp=drivesdk
584,O Magnum Mysterium,Cesar Alejandro Carrillo,10,https://drive.google.com/file/d/1AxLKOCTx2eQXvud-bLTYd1Ln9OCB5CFL/view?usp=drivesdk
585,Niño Lindo,"Vicente Emilio Sojo, Modesta Bor",15,https://drive.google.com/file/d/1axTM1g8iR5_NsSHz1tSMR4LMoxqgQSYt/view?usp=drivesdk
586,Entre el Espanto y la Ternura,"Silvio Rodriguez, Beatriz Corona",4,https://drive.google.com/file/d/150Dh-8hUNNznXWpYaIY5rrnT3B2cQSAq/view?usp=drivesdk
587,El novio pollero,Luis Sierra,,
588,-,-,-,
589,O ochi manza mia,Orlando di lasso,,https://drive.google.com/file/d/1tqmmum0_j_EYML0X7fq18XLCq__m_Jc_/view?usp=drivesdk
590,Signore delle cime,Giuseppe de Marzi,7,https://drive.google.com/file/d/1uXsu2OvGFlXJtBSE1DEiQTLhcwXZWw_u/view?usp=drivesdk
591,Quatro Pezzi Sacribol,Giuseppe Verdi,3,https://drive.google.com/file/d/1hnW9Ii6IyKKWHN8bumPvihe3qaNJT27i/view?usp=drivesdk
592,Dolor Llanero,"Manuel Briceño, Francisco Zapata",1,https://drive.google.com/file/d/10rc3wafpKC5EL76QgsVXF0WbG4n254n_/view?usp=drivesdk
593,Ein Kind ist uns geboren,Heinrich Schütz,1,https://drive.google.com/file/d/1zNtZIZG6FSguv0NtfHzO5gepmax_n_8V/view?usp=drivesdk
594,Esta hirviendo el Agua e Tilo,"Moises Mata, Armando Nones",7,https://drive.google.com/file/d/1atkFOMvcohGpAq6TXBWpFD8IH06ZORaT/view?usp=drivesdk
595,Si tu supiera,"E Grenet, C monier",2,https://drive.google.com/file/d/1gJHeM1cqDpCx_IE979-OQIyZS0xhNkva/view?usp=drivesdk
596,A San Juan Bautista,Luis E Aponte Lartiguez,12,https://drive.google.com/file/d/1PaAbVVh4M9d0bcqfRxp7cD4RB4KnCZXe/view?usp=drivesdk
597,Misa 6 (Incompleta),Juan de Dios Moreno,2,https://drive.google.com/file/d/13reMpoSXL-g2--_sutNfTF2D5s7jpYoO/view?usp=drivesdk
598,Alleluia ,John Carter,1,https://drive.google.com/file/d/1aD_p8pI9rjqnGqvpLZFSWRbTHzx__hmn/view?usp=drivesdk
599,O occhi manza mia,Orlando di Lasso,4,https://drive.google.com/file/d/1ybBTXRgzqzOCnYAEDTBbz7OZHpG6AVI8/view?usp=drivesdk
600,-,-,-,
601,E Lucevan le stelle,Giacomo Puccini,1,https://drive.google.com/file/d/1D24xkMKOblGu8Y3eQZsoAJRp541MnWVs/view?usp=drivesdk
602,El Periquito,Modesta Bor,12,https://drive.google.com/file/d/1CqjdCQBJmYK2NG6ChMlB10bs8Wt0xZ4F/view?usp=drivesdk
603,There is a Balm in Gilead,William Dawson,13,https://drive.google.com/file/d/1GpmVffGMVLNWY3TzxbnUPd3fML5MkwOK/view?usp=drivesdk
604,Golosinas Criollas,"Luis Laguna, Modesta Bor",6,https://drive.google.com/file/d/1txr2rLMjIahZoqPRkX9_8Cs9NdaoybfP/view?usp=drivesdk
605,-,-,-,
606,Ring Out Wild Bells,Crawford Gates,1,https://drive.google.com/file/d/1HA2QNO1nBlCvUop0HTammYJxPqZpw675/view?usp=drivesdk
607,O little Town of Bethlehem,Lewis H Redner,1,https://drive.google.com/file/d/1J2_umTFtY54r92p-zy2pVHoCyOyetNvj/view?usp=drivesdk
608,Si tu eres rosa (incompleta),anonimo,2,https://drive.google.com/file/d/1_LSv-ofDXMRXotyu2JkUiC5qpwDlOPEz/view?usp=drivesdk
609,Parranda Margariteña,"Eduardo Serrano, Modesta Bor",1,https://drive.google.com/file/d/1d09jKdBCoKhBfKE0fdhdgQcxGZR_KES4/view?usp=drivesdk
610,El Guapo,Rafael Suarez,1,https://drive.google.com/file/d/1ehGmopAKb0En3JZANqrsBCn8bnF78OBZ/view?usp=drivesdk
611,Marcha Nupcial (opera lohengrin),Richard Wagner,1,https://drive.google.com/file/d/1dJBmHgWtBfWdburHThSmwaHLVe0klrcs/view?usp=drivesdk
612,Batti Batti o Bel maestro,WA Mozart,1,https://drive.google.com/file/d/1e0Go_55v47KHzuZ4yyRK97WseJdEIbFi/view?usp=drivesdk
613,Por el Mar,Manuel Moreno Buendia,1,https://drive.google.com/file/d/14qeYQCIVqtILAN3FMS9FXUhMdFZrVV5t/view?usp=drivesdk
614,Natalia,Modesta Bor,,https://drive.google.com/file/d/1mGgzLLkImjO_fc2GoLe8MC9cRzUohqTU/view?usp=drivesdk
615,Kaval Sviri,Petar Liondev,7,https://drive.google.com/file/d/1jspmxqJo1oDmfX2-uvYlmPDUPAOCiBVr/view?usp=drivesdk
616,Anhelo,Carlos Guastavino,1,https://drive.google.com/file/d/1zXIPDUhQEojBvYK_rpm6wHvgYcZYPvqz/view?usp=drivesdk
617,Rock My Soul,Richard Jackson,,https://drive.google.com/file/d/1RTIWR1dyKCAQaOjKERupZYHaT9bLk33C/view?usp=drivesdk
618,Elegy,Daniel Adams Butterfield,5,https://drive.google.com/file/d/1Sc660YELZMXVGeLlq4iRLgGotXvx04ed/view?usp=drivesdk
619,Panis Angelicus,R Kubik,,https://drive.google.com/file/d/1qSEFpcH4OPT4tdHNrC_IIUynRHNtLmiX/view?usp=drivesdk
620,Canto de Ordeño,"Antonio Estevez, Cesar Alejandro Carrillo",,https://drive.google.com/file/d/1xzeL0YvjvtbkZnBD1_SLVQP2jRuyrx7u/view?usp=drivesdk
621,Campanas de Ucrania,Leontowich,1,https://drive.google.com/file/d/1CiYg5BBub4msvRd5Wzy3unjMWI0XKhqX/view?usp=drivesdk
622,Bogoroditse Djevo,Arvo Part,19,https://drive.google.com/file/d/1m26w2OQ0xh7PvbeP5Mh0nNn_mk67Cazi/view?usp=drivesdk
623,Marche Funebre pour la derniere scene d Hamlet,Shakespeare,1,https://drive.google.com/file/d/1ayE-ZdzuFr9SJJKyCZm0SPSpqUqHwTm-/view?usp=drivesdk
624,El Guatacaro,"Enzo Villaparedes, Raul Delgado Estevez",10,https://drive.google.com/file/d/15hpf70r_xbh3yP8R8zSOMLtSRxmLmiNA/view?usp=drivesdk
625,Alleluia,Ralph Manuel,12,https://drive.google.com/file/d/1WYyHA4oP3RdelRF_VttJN9eu1FIqHX8i/view?usp=drivesdk
626,Matica,Ruben Rivas,,
627,Un Vestido y un amor,"Fito Paez, E Ferraudi",4,https://drive.google.com/file/d/1MHDtTOlVtJT-9oS7_fb_OypP5NhnIkGt/view?usp=drivesdk
628,Jubiaba,Carlos Alberto Pinto Fonseca,7,https://drive.google.com/file/d/11BBldDt2hJFlYTjo7cub78hJYWiJovlu/view?usp=drivesdk
629,Bohemian Rhapsody,"Freddie Mercury, William Blanco",15,https://drive.google.com/file/d/1C-MSzfwazWw6tJsO5IMVTVGQFRG7wp5X/view?usp=drivesdk
630,Compadre Pedro Juan,"Luis Alberti, Jose Manuel Joa",18,https://drive.google.com/file/d/1BSHdW0XQnvt-3r_zXoUaTsL84kjv7V2G/view?usp=drivesdk
631,Pascuas Navideñas,Hector Molina,9,https://drive.google.com/file/d/10XpqQl4PES99iv45-lnzsala-QILx9p0/view?usp=drivesdk
632,Trigales,Luis Sierra,,
633,Ave Maria,Luis Sierra,,https://drive.google.com/file/d/1yYdMc2TVSLBCKJoXpBvRATKqnL-FA36A/view?usp=drivesdk
634,Chucho y Ceferina,Modesta Bor,2,https://drive.google.com/file/d/1cEIJw_V1VlymPxkTgeBQ4ezsxaOeftyT/view?usp=drivesdk
635,Tu Boca,Luis Fernando Moncada,30,https://drive.google.com/file/d/1wiaYx2uQBagTwBc4zOY35fzwfgY_R3LK/view?usp=drivesdk
636,Las Olas de la Mar,Juan Manuel Hernández,,https://drive.google.com/file/d/1g4YgS48ScDPzCi1EUN_kTTkuVw2E6QMN/view?usp=drivesdk
637,Caballo Viejo,"Simon Diaz, Leoncio Ontiveros",,https://drive.google.com/file/d/1OT2DaWiv2ylQePo6Gqf5_EDBm71vG2CW/view?usp=drivesdk
638,Yambambo,Jose Antonio Rincon,10,https://drive.google.com/file/d/1QhXI0rPw8SfAGO59xf8uqnx2Q58zQ8mC/view?usp=drivesdk
639,Kyrie,Armando Nones,5,https://drive.google.com/file/d/19kxOqfwB2uiNeYLTmbSE3fuF1meUJSN1/view?usp=drivesdk
640,The Lamb,"John Taverner, William Blake",25,https://drive.google.com/file/d/1nUKnLvoSP4xnKvq56fWCqTbp-oq3-oU-/view?usp=drivesdk
641,Confitemini Domino,Urmas Sisask,5,https://drive.google.com/file/d/1PAitE10FYB0ppHgn-5pawbARGL2tyOSC/view?usp=drivesdk
642,Oh Happy Day,G Mignemi,8,https://drive.google.com/file/d/1_S-8HqdABU3DyDsU-BiJfX5vAreekRiZ/view?usp=drivesdk
643,Luna Decembrina,"Otilio Galindez, Gilberto Rebolledo",12,https://drive.google.com/file/d/1AyaePUDYxOA0yoa8soN1NzyP7P1QFBSY/view?usp=drivesdk
644,Eveille Toi Renaud,Etienne Daniel,8,https://drive.google.com/file/d/1KWz5Z29JSzaQHSt02-2B94nBTEhnnfcG/view?usp=drivesdk
645,Cancion Lejana,Modesta Bor,10,https://drive.google.com/file/d/1fa0SJ4wLDBKvxj-5rp8aiYLNMUYJh3P4/view?usp=drivesdk
646,Juana y Jose,"Cruz Felipe Iriarte, Cesar Alejandro Carrillo",20,https://drive.google.com/file/d/1_NXL6PhgGgIrcvDFq8dEGlxWCc0EKb4A/view?usp=drivesdk
647,Benedicamus,Urmas Sisask,11,https://drive.google.com/file/d/1DhPPc3AmOTzXL1-JBuFnfcMA54XvLjl5/view?usp=drivesdk
648,Locus Iste,Anton Bruckner,22,https://drive.google.com/file/d/18Xr37EQgcZLJXJuWp0YWLcWUP6g46ehg/view?usp=drivesdk
649,Heal the World,Michael Jackson,21,https://drive.google.com/file/d/1ITCHHDDCSnkFS1tietEJc6vsz97rquN1/view?usp=drivesdk
650,Menu de los Nueve Meses,Luis Fernando Moncada,20,https://drive.google.com/file/d/1ceVsIDI1Ujt3VO241SAsLtT5sTYzTfXG/view?usp=drivesdk
651,Hodie Cristus Natus est,GP Palestrina,14,https://drive.google.com/file/d/1Sr-4mYln33ol589hCi9VnrEkJUuml6vY/view?usp=drivesdk
652,El Gallo,Raimundo Pereira,,https://drive.google.com/file/d/1znGMdo2VccfJjr1P_CkkXHCsdc-Rz8Bh/view?usp=drivesdk
653,Fuga y Misterio,"Astor Piazzolla, Ferraudi",,https://drive.google.com/file/d/1bcywcjzBY-Q-Wg1nG03iHLebgLMT8Mqq/view?usp=drivesdk
654,-,-,-,
655,Triptic Nadalenc,A Blanquer,2,https://drive.google.com/file/d/1mxgS0FgC_HZxNi7Wj5eYK4HaheEaKb_U/view?usp=drivesdk
656,Cordero de Dios,Andres Paez Gabriunas,7,https://drive.google.com/file/d/15SVbUkI_pWv7U8I7g0Q_dCbQ4gloRtF2/view?usp=drivesdk
657,Ay mi Dios,Pedro de Cristo,,https://drive.google.com/file/d/1WqjZNmqZ3RxFmB8_nqfcpwTvqkDRcRAk/view?usp=drivesdk
658,El Niño es de Azucar,Luis Sierra,,https://drive.google.com/file/d/1A336LjB6NTaf0WEKiu2xn-HmWyXvCik1/view?usp=drivesdk
659,La Noche de Noche Buena,"Octaviano Flores, Luis Sierra",,https://drive.google.com/file/d/1Val3Cqfw5ny3rbQE28X66OJDc2hkA2w2/view?usp=drivesdk
660,With a Lily in Your Hand,Eric Whitacre,,https://drive.google.com/file/d/1DdUcVYk3owZyG_yIWONOkzK8_SiVAZAI/view?usp=drivesdk
661,Regina Caeli,Francisco Soriano,,https://drive.google.com/file/d/19ynccmU6MWnlCE0prI3OS7LqwVVLYv0S/view?usp=drivesdk
662,Media Vita,Michael Mcglynn,,https://drive.google.com/file/d/1ddVUAsfV0_qnyj0NAUOkDXCEqImC-s82/view?usp=drivesdk
663,San Jose,Luis Sierra,,https://drive.google.com/file/d/1TSk4YZrVj6ESoDm9RP6O0-4iQXgN11b3/view?usp=drivesdk
664,En Este Diciembre,"Lucia Piñango, Luis Sierra",,https://drive.google.com/file/d/16fE9USkV3x5iHMMEnJ61tgS7PShsQx0n/view?usp=drivesdk
665,El Niño del Cielo,"Aquiles Baez, Hector Molina",,https://drive.google.com/file/d/1z0PM9iikj9gABv7WfPakAivaPkh7XId3/view?usp=drivesdk
666,Dormi Jesu,Kim Andre Arnesen,,https://drive.google.com/file/d/1YqMjAZXVeSFeih-Of_sPKp-U0hcajRdN/view?usp=drivesdk
667,Miserere Mei,Gregorio Allegri,,https://drive.google.com/file/d/1rzfsOJqoTf18YfWiXZ42q3ziC8oVDW8k/view?usp=drivesdk
668,Canto a La Ciencia,Luis Sierra,,https://drive.google.com/file/d/1ndrSD_-C98_rOCgt5DcP12L0D1ASKAmu/view?usp=drivesdk
669,Mi Ferrocarril,"Ananias Marquez, Alfredo Ramírez",,https://drive.google.com/file/d/1XFBpg2g0i4eieDp_ZHhdZAptzQ7UnKDw/view?usp=drivesdk
670,Northern Lights,Ola Gjeilo,,https://drive.google.com/file/d/1huopj1HqKxXOSuhstPQx90YrUpC_VAR0/view?usp=drivesdk
671,Ubi Caritas,Luis Sierra,,
672,Himno de la Academia ,Eleazar Ontiveros,,
673,Canta y Baila Joropo,Hernan Marin,,https://drive.google.com/file/d/1Z1_WqhiH8c4XSdE-jMy_Yu6eXwIQzgy-/view?usp=drivesdk
674,Camuri ,"Eduardo Serrano, Cesar Alejandro Carrillo",,
675,Lerchegesang,,,https://drive.google.com/file/d/1YdDBjwFm7NunorjITDaAKYQWqRuOplcH/view?usp=drivesdk
676,Aguinaldo Merideño,Ruben Rivas,,
677,Vamos Pastores Vamos,,,
678,Niño Venturoso,Rogelio Caraballo,,
679,El pavo,Modesta Bor,,
680,Bella que tienes mi alma,Thoinot Arbeu,,
681,El ausente,Pedro Simón Rincón,,
682,Cumbia del fin de los tiempos,Freddy Ochoa,,
683,Punto del navegante,Luis Eduardo Galian,,
684,Nana Caliche ,Leo Brower,,
685,Tengo un gato,Leo Brower,,
686,El perro,Luis Sierra,,
687,Stars,Erik Essenvald,,
688,La noche esta fresca,Luis Sierra,,https://drive.google.com/file/d/1P4KQ4InGBlSmBcRdXM2qq7-6qvZeaWMv/view?usp=drivesdk
689,Paz ,Luis Sierra,,
690,Amanece,Alejandro Carrillo,,https://drive.google.com/file/d/1IImEYM5j7iJgJbArPC7wCY4P3lemwUmd/view?usp=drivesdk
691,Ave Maria,Kevin Memley,,
692,La burra,Luis Sierra,,https://drive.google.com/file/d/1iKWvEkYK9R1TheUgd34Lv8eP5SkOHAbw/view?usp=drivesdk
693,Tambores de navidad,Modesta Bor,,https://drive.google.com/file/d/1cQ4DWK2LNKRhuk703TbMmN8IhGByYDzW/view?usp=drivesdk
694,O magnum mysterium,Ola Gjeilo,,
695,Domine non sum dignus,Julio Dominguez,,
696,,,,
697,,,,
698,,,,
699,,,,
700,,,,
701,,,,
702,,,,
703,,,,
704,,,,
705,,,,
706,,,,
707,,,,
708,,,,
709,,,,
710,,,,
711,,,,
712,,,,
713,,,,
714,,,,
715,,,,
716,,,,
717,,,,
718,,,,
719,,,,
720,,,,
721,,,,
722,,,,
723,,,,
724,,,,
725,,,,
726,,,,
727,,,,
728,,,,
729,,,,
730,,,,
731,,,,
732,,,,
733,,,,
734,,,,
735,,,,
736,,,,
737,,,,
738,,,,
739,,,,
740,,,,
741,,,,
742,,,,
743,,,,
744,,,,
745,,,,
746,,,,
747,,,,
748,,,,
749,,,,
750,,,,
